Date,Open,Close,High,Low,Volume
2020-05-22,62.19,62.22,62.27,62.19,119.1996
2020-05-22,62.2,62.12,62.22,62.12,115.91307
2020-05-22,62.12,62.2,62.2,62.09,255.29778
2020-05-22,62.22,62.23,62.26,62.18,122.97862
2020-05-22,62.23,62.36,62.36,62.23,118.53961
2020-05-22,62.37,62.27,62.43,62.27,323.96875
2020-05-22,62.33,62.31,62.35,62.29,29.56704
2020-05-22,62.31,62.37,62.46,62.31,384.96682
2020-05-22,62.36,62.42,62.5,62.34,672.93808
2020-05-22,62.48,62.52,62.53,62.48,871.36572
2020-05-22,62.51,62.51,62.62,62.5,1315.65964
2020-05-22,62.51,62.36,62.59,62.31,1090.35799
2020-05-22,62.36,62.29,62.39,62.29,233.56629
2020-05-22,62.34,62.33,62.36,62.31,193.60073
2020-05-22,62.32,62.3,62.34,62.12,1837.24442
2020-05-22,62.3,62.27,62.43,62.08,950.58514
2020-05-22,62.28,62.26,62.31,62.21,59.10023
2020-05-22,62.26,62.25,62.32,62.2,87.68858
2020-05-22,62.28,62.17,62.28,62.16,88.14972
2020-05-22,62.18,62.22,62.23,62.17,71.92947
2020-05-22,62.21,62.16,62.23,62.16,76.51384
2020-05-22,62.19,62.21,62.21,62.16,75.0751
2020-05-22,62.15,62.19,62.25,62.11,277.61971
2020-05-22,62.18,62.04,62.23,62,79.77995
2020-05-22,62,61.78,62.01,61.65,457.14172
2020-05-22,61.79,61.66,61.85,61.53,389.97169
2020-05-22,61.66,61.66,61.68,61.59,190.48086
2020-05-22,61.66,61.54,61.66,61.47,157.58432
2020-05-22,61.51,61.72,61.72,61.51,78.47806
2020-05-22,61.71,61.77,61.78,61.7,48.85004
2020-05-22,61.73,61.73,61.82,61.71,186.50594
2020-05-22,61.77,61.89,61.94,61.75,526.58097
2020-05-22,61.95,61.91,61.95,61.89,39.82464
2020-05-22,61.97,61.95,62.04,61.94,35.831
2020-05-22,61.96,62.02,62.02,61.85,101.10703
2020-05-22,62.02,62.08,62.08,61.99,155.43163
2020-05-22,62.11,62,62.11,61.96,182.13413
2020-05-22,62.05,62.04,62.12,62.03,97.21199
2020-05-22,62.08,62.33,62.37,62.08,153.85181
2020-05-22,62.3,62.31,62.39,62.2,286.43136
2020-05-22,62.32,62.39,62.43,62.28,305.3933
2020-05-22,62.39,62.47,62.48,62.34,533.93564
2020-05-22,62.46,62.3,62.47,62.3,119.39652
2020-05-22,62.36,62.47,62.5,62.36,273.79394
2020-05-22,62.47,62.52,62.56,62.45,140.67154
2020-05-22,62.53,62.57,62.57,62.48,202.14786
2020-05-22,62.59,62.81,62.81,62.58,491.56509
2020-05-22,62.81,62.79,62.87,62.75,294.61395
2020-05-22,62.78,62.65,62.8,62.65,249.96461
2020-05-22,62.69,62.68,62.69,62.59,141.88552
2020-05-22,62.71,62.87,62.89,62.71,55.52848
2020-05-22,62.85,62.78,62.86,62.71,31.61287
2020-05-22,62.78,62.86,62.9,62.78,220.00344
2020-05-22,62.87,62.74,62.87,62.73,10.728
2020-05-22,62.75,62.89,62.89,62.75,24.2342
2020-05-22,62.91,62.93,62.99,62.82,138.64755
2020-05-22,62.93,63.07,63.09,62.84,356.16677
2020-05-22,63.07,63.07,63.11,62.99,264.86789
2020-05-22,63.07,62.97,63.07,62.89,125.10924
2020-05-22,62.97,63.05,63.06,62.89,108.57709
2020-05-22,63.05,63.16,63.16,63.03,108.84574
2020-05-22,63.12,63.11,63.18,62.98,452.08352
2020-05-22,63.1,63.01,63.1,63.01,173.79614
2020-05-22,63.01,63.01,63.06,62.96,224.64317
2020-05-22,63.02,63.1,63.12,63.01,157.60998
2020-05-22,63.11,63.3,63.32,63.1,481.67075
2020-05-22,63.31,63.48,63.48,63.31,273.24073
2020-05-22,63.4,63.29,63.5,63.29,502.11203
2020-05-22,63.29,63.38,63.44,63.29,334.14083
2020-05-22,63.36,63.31,63.38,63.25,67.92535
2020-05-22,63.28,63.14,63.31,63.09,169.58063
2020-05-22,63.13,63.08,63.16,63.07,84.40798
2020-05-22,63.1,63.14,63.21,63.1,239.63825
2020-05-22,63.27,62.99,63.33,62.96,579.52892
2020-05-22,62.98,62.91,63.06,62.85,199.5425
2020-05-22,62.93,62.98,62.99,62.93,30.73222
2020-05-22,62.99,63.03,63.05,62.97,87.5065
2020-05-22,63.04,62.95,63.04,62.95,74.14544
2020-05-22,62.94,62.86,62.94,62.79,179.9029
2020-05-22,62.86,62.9,62.96,62.79,168.68107
2020-05-22,62.91,62.93,62.94,62.84,258.53477
2020-05-22,62.94,62.98,63.01,62.93,194.19251
2020-05-22,63.02,63.21,63.22,63,436.44854
2020-05-22,63.19,63.18,63.22,63.15,98.9721
2020-05-22,63.24,63.22,63.25,63.22,28.69657
2020-05-23,63.22,63.22,63.24,63.2,12.831
2020-05-23,63.22,63.18,63.22,63.18,44.30899
2020-05-23,63.18,63.05,63.18,63.02,444.07071
2020-05-23,63.04,63.08,63.08,63,155.61377
2020-05-23,63.02,63.07,63.07,63,16.09522
2020-05-23,63.02,63.19,63.21,63,356.52191
2020-05-23,63.18,63.38,63.41,63.18,190.13936
2020-05-23,63.38,63.44,63.49,63.33,371.65624
2020-05-23,63.5,63.49,63.52,63.45,122.00064
2020-05-23,63.5,63.43,63.51,63.43,184.34046
2020-05-23,63.41,63.41,63.51,63.37,102.92527
2020-05-23,63.41,63.42,63.42,63.33,184.64539
2020-05-23,63.4,63.36,63.42,63.34,88.16581
2020-05-23,63.4,63.23,63.42,63.23,66.89197
2020-05-23,63.23,63.08,63.27,63.08,179.7488
2020-05-23,63.14,63.07,63.17,63.07,69.95518
2020-05-23,63.05,63.23,63.23,62.96,136.14328
2020-05-23,63.24,63.26,63.31,63.22,41.65166
2020-05-23,63.22,63.18,63.23,63.16,61.99315
2020-05-23,63.19,62.99,63.19,62.95,101.85928
2020-05-23,63,62.96,63,62.9,328.5632
2020-05-23,62.96,63,63.01,62.83,251.09791
2020-05-23,62.99,63.12,63.12,62.97,134.27301
2020-05-23,63.15,63.06,63.19,63.06,124.14287
2020-05-23,63.05,63.1,63.14,63.03,261.66662
2020-05-23,63.11,63.29,63.37,63.07,616.13523
2020-05-23,63.29,63.22,63.34,63.21,287.79855
2020-05-23,63.21,63.41,63.52,63.21,207.48785
2020-05-23,63.41,63.32,63.46,63.28,127.50275
2020-05-23,63.32,63.13,63.32,63.13,166.11408
2020-05-23,63.14,63.2,63.31,63.1,339.86153
2020-05-23,63.25,63.25,63.29,63.24,96.46593
2020-05-23,63.25,63.25,63.3,63.23,91.25254
2020-05-23,63.24,63.18,63.24,63.14,349.56412
2020-05-23,63.15,63.13,63.15,63.08,78.26844
2020-05-23,63.15,63.18,63.18,63.11,180.39918
2020-05-23,63.15,63.1,63.15,63.1,8.81886
2020-05-23,63.06,63.08,63.08,63.01,197.49165
2020-05-23,63.1,63.26,63.27,63.1,153.83389
2020-05-23,63.27,63.19,63.28,63.19,124.92832
2020-05-23,63.19,63.29,63.29,63.18,36.71702
2020-05-23,63.3,63.4,63.4,63.3,36.88536
2020-05-23,63.4,63.4,63.49,63.36,165.68474
2020-05-23,63.41,63.47,63.48,63.38,135.48105
2020-05-23,63.47,63.4,63.48,63.4,160.78727
2020-05-23,63.4,63.37,63.4,63.37,95.05634
2020-05-23,63.35,63.4,63.45,63.35,166.06191
2020-05-23,63.4,63.32,63.4,63.3,236.5306
2020-05-23,63.32,63.41,63.41,63.29,183.08711
2020-05-23,63.41,63.35,63.41,63.35,8.01012
2020-05-23,63.33,63.38,63.38,63.32,32.48039
2020-05-23,63.34,63.39,63.43,63.34,176.10266
2020-05-23,63.51,63.44,63.54,63.44,40.42996
2020-05-23,63.46,63.46,63.48,63.46,36.74473
2020-05-23,63.44,63.43,63.44,63.42,63.91028
2020-05-23,63.39,63.39,63.4,63.37,46.24082
2020-05-23,63.35,63.33,63.43,63.33,69.47198
2020-05-23,63.33,63.15,63.33,63.11,300.34833
2020-05-23,63.13,63.03,63.13,62.89,672.99407
2020-05-23,62.94,62.73,62.94,62.73,70.14923
2020-05-23,62.75,62.85,62.9,62.62,155.87498
2020-05-23,62.85,62.9,62.94,62.85,496.61396
2020-05-23,62.91,62.93,62.95,62.89,443.59163
2020-05-23,62.93,62.81,62.93,62.79,109.02394
2020-05-23,62.82,62.87,62.87,62.8,49.23082
2020-05-23,62.85,62.89,62.9,62.85,38.74441
2020-05-23,62.89,63.11,63.18,62.89,475.60358
2020-05-23,63.06,63.16,63.16,63.06,18.0312
2020-05-23,63.16,63.21,63.21,63.14,57.68626
2020-05-23,63.18,63.11,63.2,63.06,493.76549
2020-05-23,63.15,63.38,63.38,63.15,164.72897
2020-05-23,63.39,63.28,63.53,63.28,546.78647
2020-05-23,63.23,63.28,63.3,63.18,177.08598
2020-05-23,63.34,63.29,63.35,63.29,12.04871
2020-05-23,63.34,63.37,63.43,63.34,39.73448
2020-05-23,63.34,63.34,63.35,63.34,60.96626
2020-05-23,63.31,63.36,63.4,63.3,190.44529
2020-05-23,63.31,63.25,63.31,63.23,123.23886
2020-05-23,63.18,63.11,63.18,63.09,59.32667
2020-05-23,63.13,63.18,63.2,63.11,45.63957
2020-05-23,63.2,63.19,63.28,63.09,97.80751
2020-05-23,63.1,63.12,63.16,63.08,80.91776
2020-05-23,63.12,63.13,63.13,63.03,91.73353
2020-05-23,63.07,63.07,63.07,63.06,36.9557
2020-05-23,63.17,63.18,63.19,63.17,3.01411
2020-05-23,63.18,63.18,63.18,63.18,2.85488
2020-05-23,63.09,63.06,63.19,63.06,169.15407
2020-05-23,63.09,63.13,63.15,63.07,78.94535
2020-05-23,63.13,63.13,63.15,63.08,65.01311
2020-05-23,63.09,63.08,63.09,63.07,29.18799
2020-05-23,63.08,63.33,63.33,63.08,50.39056
2020-05-23,63.33,63.51,63.53,63.33,350.27105
2020-05-23,63.53,63.54,63.58,63.49,10.30089
2020-05-23,63.51,63.5,63.51,63.49,20.51273
2020-05-23,63.46,63.46,63.49,63.46,40.87754
2020-05-23,63.44,63.55,63.55,63.42,72.92933
2020-05-23,63.59,63.67,63.7,63.59,136.03414
2020-05-23,63.61,63.6,63.61,63.52,206.88799
2020-05-23,63.63,63.6,63.65,63.6,33.8187
2020-05-23,63.5,63.51,63.55,63.5,19.7711
2020-05-23,63.5,63.62,63.66,63.49,424.65683
2020-05-23,63.64,63.62,63.65,63.59,98.75433
2020-05-23,63.68,63.73,63.82,63.68,220.58609
2020-05-23,63.75,63.63,63.75,63.55,167.34392
2020-05-23,63.59,63.53,63.59,63.5,17.17711
2020-05-23,63.55,63.6,63.64,63.55,20.31547
2020-05-23,63.61,63.68,63.68,63.61,57.19269
2020-05-23,63.68,63.83,63.83,63.68,70.26731
2020-05-23,63.83,63.75,63.83,63.75,23.22112
2020-05-23,63.71,63.79,63.82,63.71,153.25395
2020-05-23,63.71,63.68,63.74,63.68,85.0281
2020-05-23,63.7,63.73,63.75,63.69,57.94955
2020-05-23,63.67,63.61,63.67,63.61,17.44161
2020-05-23,63.67,63.66,63.67,63.64,106.552
2020-05-23,63.63,63.77,63.8,63.62,219.55942
2020-05-23,63.77,63.75,63.77,63.7,39.95285
2020-05-23,63.74,63.76,63.76,63.74,4.13627
2020-05-23,63.77,63.93,63.95,63.77,82.65607
2020-05-23,63.93,63.89,63.93,63.89,13.62542
2020-05-23,63.91,63.98,63.99,63.91,127.49836
2020-05-23,63.98,63.79,63.99,63.73,234.18138
2020-05-23,63.79,63.47,63.79,63.47,175.57997
2020-05-23,63.53,63.49,63.55,63.45,55.02033
2020-05-23,63.43,63.25,63.47,63.24,297.23365
2020-05-23,63.2,63.35,63.35,63.18,41.25691
2020-05-23,63.35,63.41,63.51,63.32,157.94457
2020-05-23,63.4,63.26,63.42,63.23,141.06519
2020-05-23,63.27,63.38,63.53,63.27,317.69292
2020-05-23,63.35,63.37,63.37,63.35,17.12243
2020-05-23,63.41,63.27,63.41,63.25,307.78254
2020-05-23,63.22,63.37,63.37,63.22,20.38305
2020-05-23,63.39,63.22,63.39,63.22,7.99662
2020-05-23,63.22,63.05,63.22,63.05,85.52934
2020-05-23,63.05,63.36,63.36,63.05,150.92971
2020-05-23,63.34,63.3,63.39,63.28,157.30829
2020-05-23,63.34,63.41,63.41,63.34,25.97303
2020-05-23,63.4,63.42,63.42,63.4,5.62281
2020-05-23,63.45,63.44,63.61,63.44,337.04384
2020-05-23,63.4,63.1,63.43,63.06,215.86171
2020-05-23,63.1,63.1,63.11,62.96,106.60208
2020-05-23,63.05,62.96,63.05,62.9,133.66214
2020-05-23,62.95,63.09,63.09,62.95,22.58222
2020-05-23,63.13,63.4,63.43,63.13,334.26961
2020-05-23,63.35,63.27,63.43,63.27,86.14239
2020-05-23,63.27,63.3,63.35,63.2,224.91231
2020-05-23,63.32,63.31,63.34,63.27,164.0215
2020-05-23,63.32,63.33,63.38,63.31,53.33281
2020-05-23,63.35,63.36,63.38,63.33,17.2385
2020-05-23,63.38,63.41,63.43,63.38,41.04476
2020-05-23,63.41,63.41,63.41,63.4,17.82007
2020-05-23,63.41,63.33,63.41,63.3,116.18348
2020-05-23,63.3,63.22,63.3,63.21,125.68028
2020-05-23,63.21,63.13,63.21,63.13,162.11138
2020-05-23,63.1,63.33,63.33,63.1,142.05638
2020-05-23,63.37,63.4,63.4,63.36,18.72742
2020-05-23,63.4,63.43,63.49,63.4,96.06066
2020-05-23,63.4,63.46,63.46,63.4,36.71016
2020-05-23,63.49,63.56,63.6,63.47,209.78138
2020-05-23,63.52,63.61,63.61,63.51,44.78697
2020-05-23,63.63,63.64,63.65,63.63,56.51541
2020-05-23,63.62,63.55,63.64,63.55,145.70798
2020-05-23,63.56,63.6,63.62,63.56,37.6316
2020-05-23,63.6,63.45,63.6,63.45,190.93412
2020-05-23,63.45,63.16,63.45,63.15,428.31619
2020-05-23,63.14,63.13,63.18,63.09,124.77978
2020-05-23,63.1,63.18,63.2,63,130.52488
2020-05-23,63.2,63.13,63.2,63.04,72.61447
2020-05-23,63.06,62.94,63.06,62.9,109.62016
2020-05-23,62.95,63.04,63.05,62.95,34.87856
2020-05-23,63.09,63.08,63.09,62.99,39.71744
2020-05-23,63,63,63.01,62.97,19.20892
2020-05-23,63.04,63.18,63.18,63,16.00119
2020-05-23,63.25,63.36,63.36,63.25,50.83589
2020-05-23,63.32,63.23,63.32,63.22,84.48394
2020-05-23,63.17,63.15,63.29,63.15,28.675
2020-05-23,63.13,63.19,63.25,62.97,407.1793
2020-05-23,63.21,63.29,63.29,63.19,264.27819
2020-05-23,63.3,63.38,63.49,63.3,212.1032
2020-05-23,63.38,63.45,63.45,63.38,19.53288
2020-05-23,63.43,63.4,63.46,63.4,33.96639
2020-05-23,63.41,63.42,63.42,63.36,112.57667
2020-05-23,63.42,63.36,63.42,63.35,196.30398
2020-05-23,63.39,63.24,63.4,63.24,59.27348
2020-05-23,63.21,63.19,63.21,63.17,28.99192
2020-05-23,63.23,63.18,63.25,63.18,136.52757
2020-05-23,63.11,62.92,63.11,62.84,225.16197
2020-05-23,62.82,62.86,62.95,62.82,137.69584
2020-05-23,62.87,62.7,62.89,62.66,100.09727
2020-05-23,62.69,62.68,62.71,62.58,87.00758
2020-05-23,62.68,62.77,62.77,62.67,98.51384
2020-05-23,62.73,62.73,62.73,62.62,167.11934
2020-05-23,62.72,62.71,62.76,62.71,50.94804
2020-05-23,62.7,62.67,62.7,62.57,92.95178
2020-05-23,62.73,62.8,62.8,62.73,80.60205
2020-05-23,62.84,62.74,62.92,62.74,112.362
2020-05-23,62.74,62.74,62.74,62.74,0
2020-05-23,62.77,62.79,62.84,62.75,214.08314
2020-05-23,62.79,62.78,62.8,62.7,273.43472
2020-05-23,62.75,62.93,62.93,62.75,79.0283
2020-05-23,62.96,62.99,63.04,62.9,147.20424
2020-05-23,62.98,63.07,63.07,62.96,119.88397
2020-05-23,63.04,63.03,63.05,63.03,88.415
2020-05-23,63.03,63.06,63.06,62.99,113.89201
2020-05-23,63.04,62.96,63.04,62.96,18.66834
2020-05-23,62.92,62.91,62.96,62.87,146.09608
2020-05-23,63.02,63.2,63.2,63.02,101.54925
2020-05-23,63.17,63.14,63.18,63.12,26.49678
2020-05-23,63.19,63.13,63.19,63.11,34.27442
2020-05-23,63.14,63.19,63.19,63.14,253.43238
2020-05-23,63.24,63.11,63.24,63.1,97.11423
2020-05-23,63.11,63.05,63.11,63.05,49.3204
2020-05-23,63.07,63.08,63.15,63.07,74.01998
2020-05-23,63.05,63.07,63.09,62.99,110.97918
2020-05-23,63.06,63.08,63.16,63.06,90.63396
2020-05-23,62.96,62.81,62.96,62.77,111.41969
2020-05-23,62.81,62.83,62.86,62.81,65.70226
2020-05-23,62.84,62.72,62.84,62.6,261.13566
2020-05-23,62.67,62.81,62.81,62.67,66.02098
2020-05-23,62.84,63.04,63.04,62.84,13.45835
2020-05-23,63.06,63.12,63.13,63.04,141.72817
2020-05-23,63.05,63.02,63.09,63.02,126.98867
2020-05-23,62.92,62.92,62.93,62.92,5.19804
2020-05-23,62.87,62.74,62.87,62.74,98.40257
2020-05-23,62.82,62.93,62.95,62.82,18.44897
2020-05-23,62.99,62.96,63.02,62.96,46.09659
2020-05-23,63.06,63.04,63.06,63.04,16.96747
2020-05-23,63.07,62.99,63.09,62.98,35.20004
2020-05-23,62.98,63.01,63.03,62.98,86.86005
2020-05-23,63.05,62.97,63.05,62.96,42.41199
2020-05-23,62.94,63.04,63.04,62.94,63.16991
2020-05-23,62.98,62.96,62.98,62.94,7.75975
2020-05-23,62.9,62.91,62.92,62.89,14.05672
2020-05-23,62.88,63.14,63.17,62.85,509.43318
2020-05-23,63.14,63.11,63.2,63.11,129.9605
2020-05-23,63.1,63.14,63.14,63.06,86.50129
2020-05-23,63.14,63.27,63.29,63.14,36.39039
2020-05-23,63.28,63.29,63.29,63.23,82.04217
2020-05-23,63.28,63.22,63.3,63.22,196.1816
2020-05-23,63.22,63.3,63.33,63.22,67.03318
2020-05-23,63.33,63.46,63.59,63.33,363.22573
2020-05-23,63.46,63.41,63.46,63.4,53.85403
2020-05-23,63.44,63.51,63.58,63.4,105.39418
2020-05-23,63.5,63.52,63.57,63.46,73.55689
2020-05-23,63.52,63.49,63.53,63.46,52.764
2020-05-23,63.49,63.43,63.5,63.39,34.46454
2020-05-23,63.39,63.43,63.43,63.39,53.55978
2020-05-23,63.45,63.5,63.52,63.45,119.51878
2020-05-23,63.42,63.44,63.5,63.42,132.74442
2020-05-23,63.39,63.53,63.53,63.39,148.9164
2020-05-23,63.55,63.42,63.56,63.4,51.8932
2020-05-23,63.38,63.37,63.39,63.33,194.89097
2020-05-23,63.35,63.44,63.46,63.35,44.76028
2020-05-23,63.49,63.36,63.49,63.32,46.24054
2020-05-23,63.4,63.4,63.43,63.4,34.25246
2020-05-23,63.4,63.4,63.4,63.4,0
2020-05-23,63.42,63.33,63.42,63.33,38.51872
2020-05-23,63.37,63.49,63.5,63.37,125.85937
2020-05-23,63.53,63.63,63.63,63.49,66.06799
2020-05-23,63.66,63.69,63.7,63.58,97.55977
2020-05-23,63.63,63.59,63.69,63.57,54.01799
2020-05-23,63.58,63.21,63.61,63.16,512.00489
2020-05-23,63.21,63.21,63.29,63.17,546.12357
2020-05-23,63.26,63.3,63.38,63.22,188.32583
2020-05-23,63.3,63.13,63.32,63.08,408.26167
2020-05-23,63.18,63.34,63.34,63.17,192.40401
2020-05-23,63.28,63.33,63.35,63.28,23.17283
2020-05-23,63.33,63.29,63.37,63.23,106.87522
2020-05-23,63.26,63.42,63.42,63.26,123.99156
2020-05-23,63.39,63.42,63.42,63.39,80.44288
2020-05-23,63.44,63.54,63.66,63.41,741.00862
2020-05-23,63.56,63.7,63.75,63.54,427.20523
2020-05-23,63.73,63.67,63.78,63.67,175.79717
2020-05-23,63.66,63.57,63.71,63.57,143.96979
2020-05-23,63.59,63.7,63.79,63.59,326.51361
2020-05-23,63.71,63.7,63.71,63.62,190.46136
2020-05-23,63.65,63.59,63.65,63.59,35.75694
2020-05-23,63.6,63.69,63.69,63.58,132.80208
2020-05-23,63.69,63.71,63.74,63.66,299.21075
2020-05-23,63.71,63.68,63.8,63.68,246.7235
2020-05-23,63.76,63.79,63.81,63.73,105.92056
2020-05-23,63.79,63.9,63.95,63.78,221.03506
2020-05-23,63.95,63.84,63.95,63.77,245.99967
2020-05-23,63.88,63.97,63.99,63.88,236.89201
2020-05-23,63.98,64.09,64.13,63.94,422.48301
2020-05-23,64.08,63.86,64.08,63.82,127.03759
2020-05-23,63.82,63.76,63.82,63.64,184.06669
2020-05-23,63.8,63.78,63.89,63.75,76.52832
2020-05-23,63.78,63.81,63.86,63.78,128.94211
2020-05-24,63.78,63.94,63.94,63.74,152.68258
2020-05-24,63.94,63.99,63.99,63.94,124.74654
2020-05-24,63.99,63.99,64.01,63.98,94.20443
2020-05-24,64.01,63.96,64.01,63.89,211.72367
2020-05-24,63.95,64.05,64.05,63.92,56.0365
2020-05-24,64,63.95,64,63.93,54.9267
2020-05-24,64.03,63.71,64.03,63.7,169.1217
2020-05-24,63.72,63.77,63.85,63.71,481.52342
2020-05-24,63.74,64.08,64.13,63.74,240.7546
2020-05-24,64.04,64.12,64.18,64.04,114.94276
2020-05-24,64.11,64.19,64.28,64.11,175.32021
2020-05-24,64.2,64.27,64.33,64.2,182.84665
2020-05-24,64.31,64.24,64.34,64.22,182.98669
2020-05-24,64.2,64.27,64.27,64.1,287.04919
2020-05-24,64.28,64.32,64.38,64.28,286.65538
2020-05-24,64.27,64.31,64.34,64.27,119.01014
2020-05-24,64.3,64.35,64.4,64.3,1197.76246
2020-05-24,64.33,64.3,64.33,64.21,171.05199
2020-05-24,64.33,64.34,64.43,64.29,554.75423
2020-05-24,64.34,64.27,64.34,64.16,220.89918
2020-05-24,64.22,64.39,64.39,64.22,59.34394
2020-05-24,64.39,64.56,64.57,64.38,555.01858
2020-05-24,64.56,64.59,64.64,64.56,190.65505
2020-05-24,64.63,64.74,64.75,64.63,340.75695
2020-05-24,64.75,64.86,64.86,64.75,361.69728
2020-05-24,64.86,64.9,64.9,64.8,95.09765
2020-05-24,64.87,64.91,64.93,64.86,378.7211
2020-05-24,64.9,64.88,64.95,64.86,195.85979
2020-05-24,64.86,64.91,64.99,64.8,157.57865
2020-05-24,64.96,64.88,64.96,64.82,156.99635
2020-05-24,64.88,64.91,65,64.88,170.62619
2020-05-24,64.92,64.86,64.93,64.76,191.15775
2020-05-24,64.86,64.77,64.89,64.75,91.23302
2020-05-24,64.76,64.88,64.88,64.76,161.46492
2020-05-24,64.9,64.82,64.94,64.82,25.89967
2020-05-24,64.81,64.68,64.82,64.61,288.63263
2020-05-24,64.68,64.61,64.74,64.58,524.61147
2020-05-24,64.6,64.48,64.62,64.48,376.4472
2020-05-24,64.47,64.54,64.54,64.46,110.82245
2020-05-24,64.56,64.61,64.61,64.53,144.97496
2020-05-24,64.69,64.49,64.69,64.48,55.94445
2020-05-24,64.53,64.42,64.53,64.38,543.92385
2020-05-24,64.45,64.38,64.48,64.38,169.12845
2020-05-24,64.39,64.56,64.57,64.38,258.99934
2020-05-24,64.56,64.41,64.56,64.37,506.61716
2020-05-24,64.42,64.43,64.43,64.35,207.03273
2020-05-24,64.43,64.48,64.5,64.38,233.45358
2020-05-24,64.46,64.45,64.49,64.43,155.96649
2020-05-24,64.46,64.4,64.47,64.35,249.66419
2020-05-24,64.4,64.35,64.4,64.33,151.42129
2020-05-24,64.33,64.35,64.36,64.29,177.44492
2020-05-24,64.36,64.37,64.4,64.33,89.41102
2020-05-24,64.39,64.45,64.45,64.39,39.85884
2020-05-24,64.44,64.49,64.5,64.35,133.32233
2020-05-24,64.49,64.56,64.6,64.49,48.74728
2020-05-24,64.55,64.4,64.55,64.4,211.5051
2020-05-24,64.41,64.42,64.42,64.41,27.0079
2020-05-24,64.41,64.24,64.41,64.24,70.49594
2020-05-24,64.24,64.19,64.25,64.05,283.35289
2020-05-24,64.12,64.06,64.12,64.06,3.20617
2020-05-24,64.08,63.97,64.09,63.97,197.32307
2020-05-24,63.97,63.79,63.98,63.73,417.99312
2020-05-24,63.73,63.65,63.77,63.62,239.32771
2020-05-24,63.63,63.51,63.71,63.51,324.85513
2020-05-24,63.51,63.47,63.64,63.42,441.05191
2020-05-24,63.44,63.46,63.53,63.41,277.31796
2020-05-24,63.46,63.53,63.56,63.31,891.13897
2020-05-24,63.6,63.2,63.66,63.09,500.03607
2020-05-24,63.21,63.35,63.35,63.14,144.22004
2020-05-24,63.34,63.32,63.44,63.29,501.67793
2020-05-24,63.32,63.29,63.37,63.25,37.69758
2020-05-24,63.25,63.31,63.34,63.25,7.34539
2020-05-24,63.31,63.17,63.31,62.66,2346.32561
2020-05-24,63.17,63.22,63.23,63.13,156.63169
2020-05-24,63.22,63.37,63.38,63.18,57.06422
2020-05-24,63.37,63.44,63.44,63.36,208.48292
2020-05-24,63.45,63.42,63.45,63.34,184.67895
2020-05-24,63.42,63.35,63.44,63.35,21.33024
2020-05-24,63.37,63.37,63.43,63.37,38.97761
2020-05-24,63.37,63.32,63.37,63.32,7.03513
2020-05-24,63.4,63.45,63.45,63.4,29.11961
2020-05-24,63.44,63.43,63.46,63.37,89.02993
2020-05-24,63.47,63.5,63.52,63.46,117.52937
2020-05-24,63.52,63.56,63.56,63.52,15.01728
2020-05-24,63.55,63.37,63.56,63.37,109.06195
2020-05-24,63.38,63.38,63.38,63.35,14.84134
2020-05-24,63.36,63.47,63.48,63.36,51.19
2020-05-24,63.48,63.32,63.48,63.32,110.76385
2020-05-24,63.37,63.19,63.4,63.18,215.15696
2020-05-24,63.19,63.14,63.21,63.14,28.83598
2020-05-24,63.14,63.25,63.25,63.11,355.08871
2020-05-24,63.22,63.25,63.25,63.19,37.65637
2020-05-24,63.25,63.29,63.33,63.25,55.6274
2020-05-24,63.29,63.25,63.35,63.17,530.86544
2020-05-24,63.24,63.27,63.27,63,1221.36471
2020-05-24,63.27,63.36,63.39,63.25,138.49431
2020-05-24,63.36,63.21,63.38,63.15,115.10875
2020-05-24,63.23,63.22,63.25,63.22,45.651
2020-05-24,63.23,63.13,63.25,63.13,96.11608
2020-05-24,63.13,63.17,63.18,63.13,11.49626
2020-05-24,63.17,63.13,63.19,63.13,18.17728
2020-05-24,63.14,63.07,63.14,63.04,69.85227
2020-05-24,63.12,63.02,63.2,63.02,246.46868
2020-05-24,63.07,62.94,63.1,62.94,168.03451
2020-05-24,62.96,63.13,63.13,62.96,63.03567
2020-05-24,63.18,63.05,63.25,62.98,133.48395
2020-05-24,63.06,63.08,63.08,63.04,12.42715
2020-05-24,63.11,63.09,63.11,63.05,44.15973
2020-05-24,63.1,63.18,63.18,63.1,20.0144
2020-05-24,63.2,63.24,63.25,63.2,21.5787
2020-05-24,63.26,63.28,63.31,63.26,40.60261
2020-05-24,63.27,63.22,63.29,63.21,47.91365
2020-05-24,63.22,63.17,63.25,63.17,43.52057
2020-05-24,63.17,63.14,63.23,63.14,59.1868
2020-05-24,63.17,63.29,63.29,63.17,60.05249
2020-05-24,63.25,63.3,63.31,63.23,22.64924
2020-05-24,63.29,63.3,63.3,63.27,35.65282
2020-05-24,63.3,63.36,63.38,63.3,137.02475
2020-05-24,63.32,63.14,63.32,63.12,171.41329
2020-05-24,63.16,63.08,63.16,63.08,6.084
2020-05-24,63.09,63.11,63.14,63.09,20.0232
2020-05-24,63.11,63.14,63.17,63.11,52.42568
2020-05-24,63.08,63.07,63.1,63.06,16.39859
2020-05-24,63.07,63.03,63.1,63.03,32.118
2020-05-24,63.01,63.07,63.07,63.01,106.46593
2020-05-24,63.07,62.89,63.07,62.89,288.55802
2020-05-24,62.94,62.95,62.98,62.92,143.14781
2020-05-24,62.94,62.94,62.94,62.91,23.94777
2020-05-24,62.96,62.96,62.98,62.92,92.26281
2020-05-24,62.96,62.94,62.96,62.94,349.7488
2020-05-24,62.96,62.95,62.96,62.92,118.46844
2020-05-24,62.95,63.06,63.08,62.92,283.68787
2020-05-24,63.08,63.11,63.16,63.03,63.54762
2020-05-24,63.13,63.12,63.15,63.09,36.77759
2020-05-24,63.14,63.13,63.14,63.11,41.14156
2020-05-24,63.16,63.12,63.17,63.11,13.27549
2020-05-24,63.15,63.1,63.15,63.1,46.43
2020-05-24,63.1,63.12,63.12,63.1,4.36457
2020-05-24,63.17,63.34,63.35,63.14,325.72733
2020-05-24,63.39,63.37,63.39,63.32,118.37298
2020-05-24,63.32,63.35,63.36,63.32,48.28969
2020-05-24,63.37,63.35,63.39,63.31,113.86012
2020-05-24,63.32,63.32,63.33,63.28,70.37708
2020-05-24,63.36,63.34,63.38,63.34,16.7898
2020-05-24,63.39,63.33,63.39,63.33,26.01256
2020-05-24,63.32,63.34,63.37,63.32,17.63986
2020-05-24,63.34,63.33,63.34,63.29,64.72009
2020-05-24,63.33,63.35,63.39,63.33,41.54557
2020-05-24,63.34,63.36,63.39,63.32,31.26482
2020-05-24,63.37,63.35,63.37,63.35,7.205
2020-05-24,63.35,63.33,63.38,63.31,76.14367
2020-05-24,63.32,63.34,63.34,63.31,32.96277
2020-05-24,63.36,63.38,63.4,63.36,7.3387
2020-05-24,63.38,63.39,63.4,63.35,67.82436
2020-05-24,63.39,63.36,63.39,63.36,33.99322
2020-05-24,63.35,63.35,63.35,63.35,1.5
2020-05-24,63.36,63.44,63.44,63.36,115.05443
2020-05-24,63.39,63.36,63.48,63.36,429.34631
2020-05-24,63.36,63.36,63.36,63.36,27.4479
2020-05-24,63.37,63.24,63.37,63.24,336.6653
2020-05-24,63.25,63.23,63.25,63.2,60.24651
2020-05-24,63.21,63.19,63.21,63.13,104.67679
2020-05-24,63.22,63.25,63.3,63.22,22.13117
2020-05-24,63.25,63.21,63.25,63.21,1.20271
2020-05-24,63.18,63.09,63.18,63.09,99.52436
2020-05-24,63.18,63.15,63.19,63.15,69.61766
2020-05-24,63.16,63.13,63.16,63.1,53.03338
2020-05-24,63.12,63.2,63.2,63.11,143.68738
2020-05-24,63.21,63.21,63.21,63.19,11.91359
2020-05-24,63.21,63.23,63.25,63.19,40.48439
2020-05-24,63.26,63.29,63.29,63.26,11.027
2020-05-24,63.3,63.28,63.31,63.27,120.02099
2020-05-24,63.25,63.3,63.3,63.24,80.06485
2020-05-24,63.27,63.35,63.36,63.27,76.33819
2020-05-24,63.35,63.39,63.39,63.32,3.77319
2020-05-24,63.39,63.48,63.5,63.39,182.17841
2020-05-24,63.49,63.46,63.49,63.46,28.85338
2020-05-24,63.46,63.46,63.46,63.42,79.152
2020-05-24,63.46,63.49,63.49,63.43,54.63256
2020-05-24,63.45,63.44,63.46,63.44,42.1454
2020-05-24,63.42,63.45,63.45,63.42,10.53561
2020-05-24,63.46,63.45,63.46,63.42,70.27617
2020-05-24,63.45,63.43,63.51,63.43,98.28308
2020-05-24,63.44,63.45,63.45,63.42,11.24273
2020-05-24,63.47,63.44,63.47,63.42,130.39619
2020-05-24,63.43,63.46,63.46,63.42,47.03862
2020-05-24,63.46,63.55,63.55,63.46,96.47923
2020-05-24,63.54,63.59,63.6,63.54,14.69763
2020-05-24,63.61,63.59,63.64,63.59,33.32249
2020-05-24,63.59,63.66,63.66,63.58,121.64219
2020-05-24,63.68,63.66,63.69,63.64,261.76654
2020-05-24,63.66,63.69,63.71,63.66,212.01823
2020-05-24,63.69,63.54,63.7,63.54,491.78443
2020-05-24,63.53,63.56,63.58,63.52,149.46397
2020-05-24,63.53,63.46,63.55,63.46,70.65095
2020-05-24,63.49,63.51,63.51,63.49,163.22826
2020-05-24,63.5,63.48,63.53,63.42,236.21542
2020-05-24,63.44,63.34,63.46,63.33,305.0792
2020-05-24,63.38,63.32,63.38,63.25,425.80121
2020-05-24,63.32,63.21,63.35,63.2,97.27428
2020-05-24,63.2,63.06,63.3,62.97,562.24815
2020-05-24,62.96,63.1,63.1,62.89,311.20485
2020-05-24,63.1,63.09,63.15,63.07,229.76243
2020-05-24,63.09,63.19,63.22,63.08,159.60726
2020-05-24,63.2,63,63.21,62.97,400.40069
2020-05-24,62.99,63.2,63.23,62.99,181.89006
2020-05-24,63.17,63,63.18,63,386.40888
2020-05-24,63,63.07,63.1,62.95,362.51002
2020-05-24,63.06,63.16,63.26,62.96,795.92287
2020-05-24,63.13,63,63.13,62.9,332.15182
2020-05-24,62.97,63.27,63.28,62.85,573.52774
2020-05-24,63.29,63.35,63.35,63.13,100.67547
2020-05-24,63.32,63.46,63.53,63.23,894.93403
2020-05-24,63.46,63.55,63.55,63.42,77.57615
2020-05-24,63.56,63.58,63.68,63.56,382.99458
2020-05-24,63.58,63.51,63.58,63.48,135.10594
2020-05-24,63.53,63.5,63.53,63.44,124.60712
2020-05-24,63.5,63.46,63.5,63.46,30.36759
2020-05-24,63.43,63.38,63.46,63.32,139.90698
2020-05-24,63.37,63.36,63.47,63.36,87.19289
2020-05-24,63.31,63.3,63.37,63.29,120.15865
2020-05-24,63.27,63.35,63.39,63.27,60.24137
2020-05-24,63.3,63.26,63.36,63.26,50.01559
2020-05-24,63.26,63.16,63.27,63.15,65.0068
2020-05-24,63.16,63.17,63.17,63.09,197.0107
2020-05-24,63.15,63.18,63.18,63.1,18.64277
2020-05-24,63.18,63.08,63.18,63.08,18.285
2020-05-24,63.09,63.11,63.12,63.05,200.38523
2020-05-24,63.14,63.2,63.2,63.07,92.4119
2020-05-24,63.15,63.12,63.15,63.1,39.7983
2020-05-24,63.1,63.06,63.13,63.06,90.64611
2020-05-24,63.1,62.99,63.1,62.99,196.12959
2020-05-24,62.98,62.6,62.98,62.41,1316.77029
2020-05-24,62.52,62.68,62.68,62.44,74.5572
2020-05-24,62.62,62.11,62.62,62,1456.25825
2020-05-24,62.2,62.1,62.25,62.08,189.44706
2020-05-24,62.04,62.13,62.2,61.95,433.20884
2020-05-24,62.15,62.41,62.45,62.08,405.30548
2020-05-24,62.46,62.39,62.5,62.38,290.14144
2020-05-24,62.4,62.5,62.5,62.32,321.20642
2020-05-24,62.45,62.47,62.47,62.3,24.39347
2020-05-24,62.47,62.5,62.52,62.4,298.17045
2020-05-24,62.54,62.57,62.63,62.49,222.42807
2020-05-24,62.61,62.5,62.68,62.46,485.55811
2020-05-24,62.5,62.53,62.53,62.46,150.75897
2020-05-24,62.55,62.53,62.56,62.52,108.65497
2020-05-24,62.5,62.33,62.5,62.27,257.25651
2020-05-24,62.3,62.36,62.39,62.25,313.99862
2020-05-24,62.37,62.66,62.79,62.37,688.50324
2020-05-24,62.58,62.82,62.86,62.56,319.8389
2020-05-24,62.82,63.06,63.06,62.8,222.888
2020-05-24,63.02,63.08,63.13,63.01,167.74941
2020-05-24,63.09,63.11,63.18,63.07,126.21552
2020-05-24,63.13,63.11,63.13,63.08,46.93698
2020-05-24,63.06,63.04,63.07,63.04,100.83898
2020-05-24,63.05,63.03,63.11,63.03,270.62253
2020-05-24,63.01,62.91,63.01,62.9,63.119
2020-05-24,62.9,62.78,62.91,62.78,64.44254
2020-05-24,62.75,62.32,62.75,62.26,811.34419
2020-05-24,62.38,62.14,62.38,62.13,356.10085
2020-05-24,62.19,62.07,62.3,62.07,358.12301
2020-05-24,62.09,62.14,62.18,61.97,349.11527
2020-05-24,62.08,62.11,62.12,62.05,33.12787
2020-05-24,62.07,61.69,62.12,61.48,1690.28868
2020-05-24,61.67,61.88,61.95,61.59,845.2289
2020-05-24,61.89,61.58,61.96,61.58,349.03136
2020-05-24,61.6,61.73,61.8,61.43,251.01639
2020-05-24,61.82,61.7,61.84,61.62,202.19163
2020-05-24,61.7,61.79,61.79,61.67,61.34151
2020-05-24,61.85,62.06,62.11,61.85,273.05452
2020-05-24,62.05,62.19,62.2,61.87,814.49674
2020-05-24,62.18,62.04,62.18,62.02,170.14517
2020-05-24,62.07,62.1,62.13,62.07,19.74374
2020-05-24,62.14,62.23,62.36,62.14,903.65071
2020-05-24,62.27,62.35,62.37,62.23,80.71623
2020-05-24,62.34,62.43,62.49,62.34,112.97898
2020-05-24,62.41,62.44,62.45,62.32,118.12824
2020-05-24,62.46,62.23,62.47,62.17,248.44603
2020-05-24,62.2,62.07,62.2,62.03,107.15815
2020-05-24,62.05,61.99,62.05,61.93,106.23658
2020-05-24,61.99,62.08,62.09,61.94,182.58829
2020-05-24,62.08,62.05,62.08,62.03,6.4492
2020-05-24,62,61.92,62,61.84,100.10678
2020-05-24,61.9,61.89,61.92,61.75,94.81686
2020-05-24,61.94,61.95,61.95,61.94,2.81252
2020-05-24,61.98,62.14,62.17,61.98,175.00835
2020-05-24,62.14,62.17,62.17,62.11,58.25653
2020-05-24,62.16,62.32,62.35,62.16,241.0925
2020-05-25,62.35,62.4,62.4,62.35,121.74139
2020-05-25,62.34,62.46,62.46,62.3,71.6179
2020-05-25,62.46,62.53,62.53,62.44,146.82061
2020-05-25,62.42,62.41,62.47,62.36,180.87763
2020-05-25,62.47,62.3,62.47,62.3,272.47603
2020-05-25,62.3,61.99,62.3,61.99,542.04252
2020-05-25,61.98,61.98,62.03,61.94,175.15898
2020-05-25,62,62.16,62.16,61.96,96.52323
2020-05-25,62.15,62,62.15,61.95,91.07663
2020-05-25,61.99,62.24,62.24,61.98,163.0435
2020-05-25,62.23,62.6,62.6,62.23,251.67864
2020-05-25,62.57,62.67,62.67,62.54,94.5817
2020-05-25,62.69,62.75,62.79,62.69,104.94111
2020-05-25,62.72,62.7,62.76,62.66,119.08063
2020-05-25,62.68,62.63,62.71,62.57,104.63268
2020-05-25,62.62,62.73,62.73,62.59,133.97204
2020-05-25,62.73,62.82,62.86,62.69,200.81379
2020-05-25,62.82,62.85,62.85,62.71,142.28206
2020-05-25,62.72,62.9,62.95,62.72,187.34001
2020-05-25,62.9,62.63,62.95,62.63,115.24008
2020-05-25,62.6,62.7,62.73,62.6,59.34593
2020-05-25,62.66,62.62,62.66,62.59,72.57396
2020-05-25,62.57,62.53,62.61,62.51,57.30841
2020-05-25,62.56,62.61,62.61,62.56,23.64045
2020-05-25,62.58,62.71,62.72,62.57,40.41969
2020-05-25,62.71,62.63,62.72,62.63,29.76814
2020-05-25,62.65,62.74,62.75,62.65,93.1686
2020-05-25,62.7,62.67,62.7,62.58,47.72587
2020-05-25,62.68,62.54,62.68,62.52,15.66636
2020-05-25,62.55,62.56,62.56,62.55,1.997
2020-05-25,62.56,62.67,62.67,62.47,157.45165
2020-05-25,62.7,62.76,62.76,62.7,54.83614
2020-05-25,62.75,62.8,62.82,62.75,230.3893
2020-05-25,62.79,62.76,62.79,62.76,24.8636
2020-05-25,62.78,62.71,62.78,62.68,112.94169
2020-05-25,62.72,62.75,62.75,62.7,31.11815
2020-05-25,62.72,62.88,62.97,62.65,157.69848
2020-05-25,62.84,62.96,62.96,62.83,99.35361
2020-05-25,62.94,62.93,62.99,62.93,39.82901
2020-05-25,62.92,62.86,62.95,62.79,352.24302
2020-05-25,62.91,62.89,62.94,62.89,67.51775
2020-05-25,62.89,62.79,62.89,62.79,288.13803
2020-05-25,62.84,62.74,62.84,62.74,56.85276
2020-05-25,62.73,62.55,62.73,62.53,48.61935
2020-05-25,62.55,62.53,62.55,62.52,19.20767
2020-05-25,62.53,62.5,62.53,62.48,13.04822
2020-05-25,62.51,62.57,62.66,62.51,109.74286
2020-05-25,62.57,62.6,62.63,62.57,36.0273
2020-05-25,62.65,62.73,62.73,62.65,13.86975
2020-05-25,62.75,62.81,62.81,62.72,19.45355
2020-05-25,62.81,62.81,62.84,62.81,30.17428
2020-05-25,62.81,62.77,62.81,62.74,254.51765
2020-05-25,62.78,62.82,62.82,62.72,79.1588
2020-05-25,62.82,62.94,62.95,62.77,314.70928
2020-05-25,62.96,62.94,62.98,62.91,20.16215
2020-05-25,62.93,62.7,62.93,62.7,156.8784
2020-05-25,62.65,62.5,62.73,62.47,546.62343
2020-05-25,62.52,62.29,62.52,62.29,82.64563
2020-05-25,62.34,62.15,62.34,62.15,19.85517
2020-05-25,62.14,62.18,62.22,62,377.36067
2020-05-25,62.13,61.18,62.13,60.75,1572.35743
2020-05-25,61.18,61.09,61.18,60.85,685.62467
2020-05-25,61.1,61.23,61.33,61.03,288.05175
2020-05-25,61.23,61.28,61.35,61.14,269.03082
2020-05-25,61.25,61.14,61.27,61.14,366.12622
2020-05-25,61.17,60.64,61.17,60.58,320.848
2020-05-25,60.65,61.02,61.08,60.02,1469.24375
2020-05-25,60.94,61.12,61.38,60.94,579.44272
2020-05-25,61.12,61.32,61.33,60.93,388.63168
2020-05-25,61.21,60.96,61.24,60.96,317.76768
2020-05-25,61.03,61,61.03,60.9,112.22913
2020-05-25,60.9,60.89,61.05,60.86,154.48488
2020-05-25,60.86,61.03,61.03,60.83,391.26866
2020-05-25,61.11,60.92,61.15,60.92,116.80572
2020-05-25,60.92,60.95,61.03,60.87,119.74048
2020-05-25,61,60.97,61.02,60.93,24.46656
2020-05-25,61.02,60.98,61.06,60.98,7.41612
2020-05-25,60.97,61.01,61.05,60.96,24.37284
2020-05-25,60.99,60.83,61.03,60.82,42.44022
2020-05-25,60.83,60.8,60.88,60.75,172.39457
2020-05-25,60.81,60.75,60.81,60.75,7.555
2020-05-25,60.78,60.86,60.92,60.78,80.57923
2020-05-25,60.84,60.62,60.84,60.59,395.03954
2020-05-25,60.62,60.47,60.64,60.45,254.1404
2020-05-25,60.47,60.6,60.6,60.47,69.48176
2020-05-25,60.64,60.69,60.69,60.64,33.84776
2020-05-25,60.69,60.54,60.69,60.54,13.14201
2020-05-25,60.59,60.62,60.62,60.54,139.64611
2020-05-25,60.63,60.69,60.69,60.62,62.30341
2020-05-25,60.71,60.65,60.72,60.56,125.04154
2020-05-25,60.66,60.6,60.68,60.6,8.94773
2020-05-25,60.61,60.57,60.61,60.57,15.29565
2020-05-25,60.57,60.7,60.71,60.55,62.61704
2020-05-25,60.66,60.76,60.81,60.66,44.9021
2020-05-25,60.81,60.86,60.86,60.81,11.86113
2020-05-25,60.87,60.91,60.91,60.87,134.75651
2020-05-25,60.83,60.84,60.88,60.81,25.11696
2020-05-25,60.89,60.97,60.98,60.89,44.51366
2020-05-25,60.97,61.02,61.02,60.94,79.692
2020-05-25,61,60.97,61.04,60.95,73.45371
2020-05-25,60.98,61.02,61.02,60.94,225.38243
2020-05-25,61.02,60.93,61.02,60.93,42.85204
2020-05-25,61.01,60.8,61.01,60.8,50.21789
2020-05-25,60.8,60.75,60.8,60.74,46.09761
2020-05-25,60.77,60.79,60.84,60.77,463.00876
2020-05-25,60.75,60.68,60.75,60.68,59.56146
2020-05-25,60.66,60.66,60.67,60.64,40.34259
2020-05-25,60.6,60.57,60.63,60.46,81.26192
2020-05-25,60.6,60.5,60.6,60.46,162.04912
2020-05-25,60.5,60.63,60.63,60.45,165.06845
2020-05-25,60.64,60.57,60.69,60.47,40.57645
2020-05-25,60.6,60.72,60.76,60.6,81.52361
2020-05-25,60.73,60.87,60.89,60.73,88.82405
2020-05-25,60.87,60.93,60.95,60.86,40.80587
2020-05-25,60.92,61,61.02,60.92,48.98925
2020-05-25,60.95,61.1,61.1,60.95,370.03073
2020-05-25,61.1,61.12,61.12,61.07,60.54521
2020-05-25,61.12,61.18,61.2,61.1,77.14075
2020-05-25,61.19,61.3,61.33,61.19,89.0928
2020-05-25,61.29,61.24,61.33,61.24,152.3656
2020-05-25,61.22,61.23,61.23,61.15,51.01589
2020-05-25,61.22,61.15,61.22,61.13,8.17473
2020-05-25,61.14,61.12,61.16,61.07,115.59652
2020-05-25,61.07,61.21,61.21,61.07,192.49783
2020-05-25,61.18,61.2,61.2,61.18,21.54051
2020-05-25,61.2,61.24,61.24,61.19,20.76477
2020-05-25,61.3,61.33,61.42,61.26,189.7703
2020-05-25,61.33,61.33,61.36,61.3,205.06842
2020-05-25,61.27,61.27,61.36,61.25,239.36299
2020-05-25,61.27,61.3,61.32,61.25,83.64224
2020-05-25,61.29,61.25,61.3,61.25,64.03455
2020-05-25,61.19,61.18,61.2,61.18,48.39657
2020-05-25,61.09,60.92,61.1,60.92,51.95695
2020-05-25,60.92,60.96,61.02,60.92,39.19689
2020-05-25,60.97,61.07,61.07,60.97,52.79704
2020-05-25,61.03,60.92,61.03,60.92,22.29964
2020-05-25,60.91,60.95,60.95,60.84,59.02971
2020-05-25,60.98,61.03,61.04,60.98,44.74826
2020-05-25,61,60.95,61.01,60.92,104.01653
2020-05-25,60.95,60.88,60.95,60.83,68.62169
2020-05-25,60.89,60.95,60.97,60.87,84.57337
2020-05-25,60.96,61,61,60.96,132.34202
2020-05-25,61.03,61.03,61.03,60.97,119.57418
2020-05-25,61.03,61,61.05,61,38.3603
2020-05-25,61.04,61.29,61.29,61,662.38228
2020-05-25,61.28,61.22,61.43,61.22,204.43989
2020-05-25,61.2,61.3,61.3,61.2,34.77464
2020-05-25,61.3,61.23,61.37,61.23,147.38188
2020-05-25,61.22,61.12,61.26,61.07,119.81282
2020-05-25,61.15,61.02,61.15,61.02,63.98233
2020-05-25,61.02,61.03,61.07,61.02,25.391
2020-05-25,61.1,61.09,61.1,61.09,19.99934
2020-05-25,61.09,61.1,61.13,61.07,66.36177
2020-05-25,61.11,61.16,61.18,61.11,7.19992
2020-05-25,61.2,61.16,61.28,61.16,61.33739
2020-05-25,61.14,61.17,61.26,61.12,212.69268
2020-05-25,61.27,61.53,61.6,61.23,714.00156
2020-05-25,61.55,61.53,61.57,61.45,78.80812
2020-05-25,61.53,61.49,61.56,61.44,93.58239
2020-05-25,61.51,61.52,61.53,61.44,115.74579
2020-05-25,61.51,61.53,61.53,61.47,35.30677
2020-05-25,61.55,61.6,61.61,61.55,134.5019
2020-05-25,61.63,61.5,61.7,61.48,104.38725
2020-05-25,61.52,61.39,61.52,61.39,102.14467
2020-05-25,61.39,61.4,61.41,61.36,94.61082
2020-05-25,61.43,61.33,61.43,61.33,115.7666
2020-05-25,61.39,61.45,61.46,61.39,127.62667
2020-05-25,61.5,61.4,61.5,61.4,52.63409
2020-05-25,61.39,61.39,61.39,61.39,14.5
2020-05-25,61.4,61.51,61.51,61.4,109.23221
2020-05-25,61.51,61.37,61.54,61.37,177.95328
2020-05-25,61.39,61.43,61.43,61.39,4.89091
2020-05-25,61.37,61.32,61.37,61.32,5.896
2020-05-25,61.33,61.27,61.33,61.25,62.3586
2020-05-25,61.27,61.27,61.31,61.27,53.7379
2020-05-25,61.29,61.33,61.36,61.29,111.03038
2020-05-25,61.36,61.39,61.41,61.36,150.37894
2020-05-25,61.36,61.38,61.41,61.35,123.44575
2020-05-25,61.4,61.66,61.74,61.4,461.89298
2020-05-25,61.66,61.84,61.84,61.66,289.69333
2020-05-25,61.84,61.63,62,61.63,380.92021
2020-05-25,61.62,61.26,61.68,61.19,659.5329
2020-05-25,61.27,61.24,61.28,61.15,55.83115
2020-05-25,61.26,60.78,61.35,60.62,1729.13271
2020-05-25,60.75,61.05,61.05,60.72,526.51475
2020-05-25,60.94,60.82,61.1,60.81,771.88629
2020-05-25,60.8,60.93,61.02,60.8,366.72045
2020-05-25,60.92,60.88,60.92,60.86,222.19005
2020-05-25,60.98,61.08,61.18,60.98,346.00594
2020-05-25,61.06,61.09,61.09,61.04,52.64124
2020-05-25,61.08,61.2,61.27,61.06,86.71965
2020-05-25,61.2,61.09,61.2,61.08,22.35853
2020-05-25,61.09,61.11,61.12,61.09,24.41394
2020-05-25,61.14,61.03,61.15,61.03,13.97978
2020-05-25,61.01,61.15,61.17,61.01,36.13387
2020-05-25,61.23,60.92,61.24,60.92,110.6658
2020-05-25,60.92,60.66,60.92,60.6,285.12875
2020-05-25,60.71,60.64,60.71,60.64,14.97919
2020-05-25,60.62,60.88,60.95,60.6,753.47231
2020-05-25,60.9,60.82,60.9,60.79,18.29505
2020-05-25,60.88,60.84,60.94,60.84,25.50968
2020-05-25,60.85,60.82,60.87,60.77,283.04644
2020-05-25,60.85,60.86,60.87,60.69,207.97001
2020-05-25,60.88,61,61,60.83,144.29864
2020-05-25,61.01,60.89,61.04,60.87,17.20014
2020-05-25,60.8,60.92,60.92,60.77,146.55803
2020-05-25,60.89,61.06,61.06,60.89,102.53851
2020-05-25,61.04,61.04,61.06,61.03,41.1906
2020-05-25,61,60.97,61,60.94,8.39117
2020-05-25,60.94,60.98,61.01,60.89,154.58848
2020-05-25,61.07,61.19,61.19,61.06,189.89217
2020-05-25,61.19,61.02,61.19,60.96,310.81225
2020-05-25,61,61.1,61.11,61,214.02839
2020-05-25,61.14,61.18,61.19,61.07,248.65567
2020-05-25,61.22,61.15,61.22,61.14,122.26464
2020-05-25,61.15,61.06,61.15,61.06,13.20291
2020-05-25,61.12,61.18,61.18,61.1,38.72233
2020-05-25,61.21,61.18,61.26,61.16,93.07469
2020-05-25,61.18,61.22,61.22,61.18,64.898
2020-05-25,61.22,61.18,61.3,61.12,35.79102
2020-05-25,61.12,61.11,61.12,61.11,25.26221
2020-05-25,61.18,61.07,61.18,61.06,13.68632
2020-05-25,61.13,61.13,61.27,61.13,138.09368
2020-05-25,61.16,61.19,61.19,61.16,66.00754
2020-05-25,61.16,61.03,61.17,61,105.50409
2020-05-25,61.03,60.95,61.05,60.9,131.6269
2020-05-25,60.98,61.07,61.08,60.98,25.09842
2020-05-25,61.07,60.87,61.08,60.81,432.68882
2020-05-25,60.88,61.08,61.08,60.87,240.32443
2020-05-25,61.03,61.07,61.1,60.99,135.038
2020-05-25,61.11,61.12,61.12,61.11,117.5
2020-05-25,61.06,61.02,61.06,61.02,8.883
2020-05-25,61,61.22,61.22,60.99,181.7826
2020-05-25,61.22,61.54,61.62,61.22,499.83146
2020-05-25,61.6,61.81,61.87,61.6,353.61975
2020-05-25,61.81,61.69,61.81,61.69,122.48855
2020-05-25,61.74,61.71,61.87,61.65,416.42645
2020-05-25,61.72,61.64,61.75,61.6,254.30949
2020-05-25,61.64,61.63,61.75,61.6,139.98959
2020-05-25,61.64,61.67,61.68,61.58,92.36108
2020-05-25,61.65,61.44,61.65,61.44,213.95305
2020-05-25,61.55,61.47,61.55,61.45,348.45071
2020-05-25,61.52,61.55,61.55,61.52,22.15863
2020-05-25,61.55,61.54,61.55,61.5,346.55385
2020-05-25,61.54,61.52,61.54,61.48,27.05974
2020-05-25,61.5,61.35,61.51,61.29,103.73241
2020-05-25,61.34,61.48,61.48,61.27,265.19061
2020-05-25,61.5,61.53,61.57,61.44,121.56224
2020-05-25,61.52,61.6,61.6,61.41,208.01022
2020-05-25,61.58,61.64,61.69,61.58,110.75857
2020-05-25,61.63,61.74,61.84,61.61,197.55274
2020-05-25,61.77,61.71,61.77,61.7,72.74198
2020-05-25,61.71,61.71,61.71,61.69,53.25
2020-05-25,61.73,61.83,61.84,61.73,131.55936
2020-05-25,61.79,61.81,61.85,61.76,283.04074
2020-05-25,61.76,61.77,61.81,61.74,69.69836
2020-05-25,61.79,61.7,61.79,61.68,124.28231
2020-05-25,61.7,61.78,61.78,61.67,31.20125
2020-05-25,61.77,61.7,61.82,61.7,221.42868
2020-05-25,61.7,62,62.1,61.7,315.79303
2020-05-25,62.01,62.12,62.15,62.01,122.50309
2020-05-25,62.15,62.06,62.15,62.06,16.28607
2020-05-25,62,61.77,62,61.77,222.47321
2020-05-25,61.78,61.73,61.82,61.68,203.07352
2020-05-25,61.73,61.75,61.82,61.72,468.3674
2020-05-25,61.76,61.63,61.77,61.63,34.88645
2020-05-25,61.75,61.8,61.8,61.69,32.96838
2020-05-25,61.8,61.75,61.87,61.75,91.7808
2020-05-25,61.75,61.61,61.78,61.5,268.64445
2020-05-25,61.61,61.6,61.61,61.53,317.424
2020-05-25,61.61,61.71,61.8,61.61,227.18131
2020-05-25,61.61,61.7,61.73,61.61,54.4369
2020-05-25,61.73,61.76,61.79,61.73,51.49427
2020-05-25,61.77,61.76,61.8,61.76,40.38897
2020-05-25,61.73,61.72,61.73,61.68,84.83286
2020-05-25,61.72,61.8,61.8,61.72,33.90635
2020-05-25,61.8,62,62,61.72,181.00208
2020-05-25,62,62.01,62.19,61.99,317.8725
2020-05-25,61.96,61.97,61.98,61.89,169.15317
2020-05-25,61.94,62.13,62.32,61.93,92.03718
2020-05-25,62.16,62.06,62.21,62.06,41.96716
2020-05-25,62.07,62.03,62.14,62,111.81162
2020-05-25,62.07,61.85,62.07,61.85,214.44
2020-05-25,61.95,61.98,62.04,61.89,94.77116
2020-05-25,62.02,61.96,62.03,61.89,45.64786
2020-05-25,61.98,62.04,62.04,61.96,25.30347
2020-05-25,62,61.95,62.01,61.95,6.2074
2020-05-25,61.96,62.09,62.09,61.91,243.16393
2020-05-26,62.05,61.98,62.05,61.92,113.30478
2020-05-26,61.93,61.98,61.98,61.92,37.19762
2020-05-26,61.95,61.97,62.02,61.95,16.716
2020-05-26,61.97,61.99,61.99,61.97,5.441
2020-05-26,62.04,61.93,62.04,61.93,14.53568
2020-05-26,62,62.04,62.13,61.95,148.86141
2020-05-26,62.04,61.94,62.18,61.94,110.11514
2020-05-26,61.98,62.25,62.32,61.98,228.69203
2020-05-26,62.17,62.22,62.28,62.17,29.9819
2020-05-26,62.33,62.25,62.4,62.22,125.08661
2020-05-26,62.21,61.96,62.21,61.88,617.72982
2020-05-26,61.96,61.97,62.03,61.89,284.09178
2020-05-26,61.94,61.92,61.94,61.85,9.27636
2020-05-26,61.9,61.82,61.9,61.76,104.51022
2020-05-26,61.81,61.83,61.9,61.78,713.6185
2020-05-26,61.83,61.53,62.02,61.53,1041.57798
2020-05-26,61.54,61.55,61.66,61.52,296.36491
2020-05-26,61.55,61.59,61.67,61.53,218.10974
2020-05-26,61.58,61.76,61.79,61.58,139.25369
2020-05-26,61.76,61.73,61.76,61.7,123.36419
2020-05-26,61.82,61.88,61.88,61.75,92.71027
2020-05-26,61.8,61.76,61.8,61.72,137.37961
2020-05-26,61.78,61.71,61.8,61.71,40.15031
2020-05-26,61.68,61.61,61.74,61.61,81.69195
2020-05-26,61.7,61.71,61.76,61.7,78.619
2020-05-26,61.72,61.81,61.81,61.69,69.85577
2020-05-26,61.76,61.81,61.81,61.76,17.05524
2020-05-26,61.81,61.81,61.9,61.8,72.23814
2020-05-26,61.77,61.75,61.77,61.75,8.24955
2020-05-26,61.79,61.83,61.86,61.79,28.25567
2020-05-26,61.87,61.98,62,61.87,142.60601
2020-05-26,61.97,62,62.03,61.96,244.48213
2020-05-26,62.01,61.77,62.01,61.77,197.48878
2020-05-26,61.77,61.82,61.82,61.77,33.61291
2020-05-26,61.74,61.72,61.75,61.72,14.56892
2020-05-26,61.72,61.63,61.75,61.63,60.01326
2020-05-26,61.61,61.49,61.61,61.49,181.25131
2020-05-26,61.5,61.55,61.57,61.46,60.3172
2020-05-26,61.56,61.5,61.56,61.5,14.5401
2020-05-26,61.53,61.5,61.59,61.5,23.47896
2020-05-26,61.55,61.5,61.55,61.5,2.16646
2020-05-26,61.51,61.57,61.57,61.51,4.35724
2020-05-26,61.57,61.59,61.59,61.56,35.92485
2020-05-26,61.59,61.59,61.6,61.56,47.9507
2020-05-26,61.59,61.57,61.59,61.55,47.34035
2020-05-26,61.57,61.5,61.57,61.5,43.08081
2020-05-26,61.54,61.56,61.58,61.54,6.13842
2020-05-26,61.57,61.5,61.57,61.43,42.45003
2020-05-26,61.57,61.57,61.57,61.57,0.362
2020-05-26,61.54,61.42,61.54,61.42,231.04424
2020-05-26,61.43,61.31,61.43,61.23,516.47687
2020-05-26,61.31,61.22,61.33,61.22,127.89228
