Date,Close,RESULT
2010-08-13,243.418411,Hold
2010-08-16,243.03804,Hold
2010-08-17,245.50550800000002,Hold
2010-08-18,241.316315,Hold
2010-08-19,234.219223,Hold
2010-08-20,231.241241,Hold
2010-08-23,232.267273,Hold
2010-08-24,225.920914,Hold
2010-08-25,227.53753700000001,Hold
2010-08-26,225.71571400000002,Hold
2010-08-27,229.644638,Hold
2010-08-30,226.571579,Hold
2010-08-31,225.235229,Hold
2010-09-01,230.39540099999996,Hold
2010-09-02,231.821823,Hold
2010-09-03,235.38539100000003,Hold
2010-09-07,232.43243399999997,Hold
2010-09-08,235.52552799999998,Hold
2010-09-09,238.328323,Hold
2010-09-10,238.308304,Hold
2010-09-13,241.376373,Hold
2010-09-14,240.45546000000002,Hold
2010-09-15,240.560562,Hold
2010-09-16,240.770767,Hold
2010-09-17,245.320328,Hold
2010-09-20,254.394394,Hold
2010-09-21,256.987,Hold
2010-09-22,258.25827000000004,Hold
2010-09-23,256.997009,Hold
2010-09-24,263.908905,Hold
2010-09-27,265.470459,Hold
2010-09-28,263.848846,Hold
2010-09-29,264.1091,Hold
2010-09-30,263.158173,Hold
2010-10-01,263.073059,Hold
2010-10-04,261.43643199999997,Hold
2010-10-05,269.38439900000003,Hold
2010-10-06,267.44244399999997,Hold
2010-10-07,265.270264,Hold
2010-10-08,268.443451,Hold
2010-10-11,269.689697,Hold
2010-10-12,270.965973,Hold
2010-10-13,271.92193599999996,Hold
2010-10-14,270.735748,Hold
2010-10-15,301.026031,Hold
2010-10-18,309.164154,Hold
2010-10-19,304.219208,Hold
2010-10-20,304.294281,Hold
2010-10-21,306.3013,Hold
2010-10-22,306.571564,Hold
2010-10-25,308.558563,Hold
2010-10-26,309.609619,Hold
2010-10-27,308.54354900000004,Hold
2010-10-28,309.599609,Hold
2010-10-29,307.157166,Hold
2010-11-01,307.8078,Hold
2010-11-02,308.108093,Hold
2010-11-03,310.400391,Hold
2010-11-04,312.447449,Hold
2010-11-05,312.852844,Hold
2010-11-08,313.6987,Hold
2010-11-09,312.722717,Hold
2010-11-10,311.75174,Hold
2010-11-11,308.9039,Hold
2010-11-12,301.94696,Hold
2010-11-15,298.03302,Hold
2010-11-16,292.152161,Hold
2010-11-17,292.067078,Hold
2010-11-18,298.578583,Hold
2010-11-19,295.710724,Hold
2010-11-22,295.905914,Hold
2010-11-23,291.796783,Hold
2010-11-24,297.78277599999996,Hold
2010-11-26,295.29528799999997,Hold
2010-11-29,291.346344,Hold
2010-11-30,278.133148,Hold
2010-12-01,282.45745800000003,Hold
2010-12-02,286.196198,Hold
2010-12-03,286.78677400000004,Hold
2010-12-06,289.46948199999997,Hold
2010-12-07,293.863861,Hold
2010-12-08,295.565552,Hold
2010-12-09,296.046051,Hold
2010-12-10,296.401398,Hold
2010-12-13,297.607605,Hold
2010-12-14,297.752747,Hold
2010-12-15,295.44543500000003,Hold
2010-12-16,296.151154,Hold
2010-12-17,295.69570899999997,Hold
2010-12-20,297.82782000000003,Hold
2010-12-21,301.836823,Hold
2010-12-22,303.048035,Hold
2010-12-23,302.417419,Hold
2010-12-27,301.491486,Hold
2010-12-28,299.759766,Hold
2010-12-29,300.800812,Hold
2010-12-30,299.729736,Hold
2010-12-31,297.282288,Hold
2011-01-03,302.47747799999996,Hold
2011-01-04,301.361359,Hold
2011-01-05,304.83984399999997,Hold
2011-01-06,307.057068,Hold
2011-01-07,308.528534,Hold
2011-01-10,307.412415,Hold
2011-01-11,308.313324,Hold
2011-01-12,308.743744,Hold
2011-01-13,308.653656,Hold
2011-01-14,312.402405,Hold
2011-01-18,320.135132,Hold
2011-01-19,316.191193,Hold
2011-01-20,313.6987,Hold
2011-01-21,306.221222,Hold
2011-01-24,305.845856,Hold
2011-01-25,310.26525899999996,Hold
2011-01-26,308.558563,Hold
2011-01-27,308.70370499999996,Hold
2011-01-28,300.79580699999997,Hold
2011-01-31,300.48046899999997,Hold
2011-02-01,305.825836,Hold
2011-02-02,306.306305,Hold
2011-02-03,305.38037099999997,Hold
2011-02-04,305.79580699999997,Hold
2011-02-07,307.452454,Hold
2011-02-08,309.49951200000004,Hold
2011-02-09,308.558563,Hold
2011-02-10,308.528534,Hold
2011-02-11,312.56256099999996,Hold
2011-02-14,314.389404,Hold
2011-02-15,312.38739,Hold
2011-02-16,312.42242400000003,Hold
2011-02-17,312.942932,Hold
2011-02-18,315.355347,Hold
2011-02-22,305.4104,Hold
2011-02-23,305.965973,Hold
2011-02-24,304.714722,Hold
2011-02-25,305.325317,Hold
2011-02-28,307.007019,Hold
2011-03-01,300.680695,Hold
2011-03-02,300.69570899999997,Hold
2011-03-03,305.085083,Hold
2011-03-04,300.610596,Hold
2011-03-07,296.126129,Hold
2011-03-08,296.45144700000003,Hold
2011-03-09,296.18118300000003,Hold
2011-03-10,290.44043,Hold
2011-03-11,288.643646,Hold
2011-03-14,285.280273,Hold
2011-03-15,285.065063,Hold
2011-03-16,278.828827,Hold
2011-03-17,280.96096800000004,Hold
2011-03-18,280.81082200000003,Hold
2011-03-21,288.538544,Hold
2011-03-22,288.948944,Hold
2011-03-23,291.371368,Hold
2011-03-24,293.738739,Hold
2011-03-25,290.16015600000003,Hold
2011-03-28,287.96795699999996,Hold
2011-03-29,291.156158,Hold
2011-03-30,291.211212,Hold
2011-03-31,293.673676,Hold
2011-04-01,296.196198,Hold
2011-04-04,294.134125,Hold
2011-04-05,284.829834,Hold
2011-04-06,287.37737999999996,Hold
2011-04-07,290.290283,Hold
2011-04-08,289.369354,Hold
2011-04-11,288.973969,Hold
2011-04-12,285.590576,Hold
2011-04-13,288.428436,Hold
2011-04-14,289.544556,Hold
2011-04-15,265.61560099999997,Hold
2011-04-18,263.683685,Hold
2011-04-19,261.026031,Hold
2011-04-20,263.128143,Hold
2011-04-21,262.81280499999997,Hold
2011-04-25,262.787781,Hold
2011-04-26,266.676666,Hold
2011-04-27,269.149139,Hold
2011-04-28,269.254242,Hold
2011-04-29,272.32232700000003,Hold
2011-05-02,269.549561,Hold
2011-05-03,267.212219,Hold
2011-05-04,268.163177,Hold
2011-05-05,267.402405,Hold
2011-05-06,267.917908,Hold
2011-05-09,269.1091,Hold
2011-05-10,271.60159300000004,Hold
2011-05-11,267.992981,Hold
2011-05-12,267.792786,Hold
2011-05-13,265.04003900000004,Hold
2011-05-16,259.46948199999997,Hold
2011-05-17,265.49548300000004,Hold
2011-05-18,265.170166,Hold
2011-05-19,265.8909,Hold
2011-05-20,262.277283,Hold
2011-05-23,259.454468,Hold
2011-05-24,259.389404,Hold
2011-05-25,260.095093,Hold
2011-05-26,259.32431,Hold
2011-05-27,260.710724,Hold
2011-05-31,264.77477999999996,Hold
2011-06-01,263.06304900000003,Hold
2011-06-02,264.294281,Hold
2011-06-03,261.801788,Hold
2011-06-06,260.790802,Hold
2011-06-07,259.77477999999996,Hold
2011-06-08,259.844849,Hold
2011-06-09,258.623627,Hold
2011-06-10,255.01001000000002,Hold
2011-06-13,252.617615,Hold
2011-06-14,254.439438,Hold
2011-06-15,251.72672999999998,Hold
2011-06-16,250.43544,Hold
2011-06-17,242.75274700000003,Hold
2011-06-20,242.53253199999997,Hold
2011-06-21,246.74675,Hold
2011-06-22,243.74874900000003,Hold
2011-06-23,240.35035699999997,Hold
2011-06-24,237.677673,Hold
2011-06-27,241.64164700000003,Hold
2011-06-28,247.072067,Hold
2011-06-29,249.034027,Hold
2011-06-30,253.44345099999998,Hold
2011-07-01,260.77578700000004,Hold
2011-07-05,266.486481,Hold
2011-07-06,267.947937,Hold
2011-07-07,273.573578,Hold
2011-07-08,266.261261,Hold
2011-07-11,263.9039,Hold
2011-07-12,267.272278,Hold
2011-07-13,269.39941400000004,Hold
2011-07-14,264.73474100000004,Hold
2011-07-15,299.1091,Hold
2011-07-18,297.767761,Hold
2011-07-19,301.576569,Hold
2011-07-20,297.972961,Hold
2011-07-21,303.798798,Hold
2011-07-22,309.424438,Hold
2011-07-25,309.799805,Hold
2011-07-26,311.571564,Hold
2011-07-27,303.91391,Hold
2011-07-28,305.77578700000004,Hold
2011-07-29,302.147156,Hold
2011-08-01,303.68869,Hold
2011-08-02,296.49649,Hold
2011-08-03,300.885895,Hold
2011-08-04,289.049042,Hold
2011-08-05,289.809814,Hold
2011-08-08,273.283295,Hold
2011-08-09,286.992004,Hold
2011-08-10,274.779785,Hold
2011-08-11,281.346344,Hold
2011-08-12,282.167175,Hold
2011-08-15,278.89389,Hold
2011-08-16,269.769775,Hold
2011-08-17,266.841827,Hold
2011-08-18,252.69268799999998,Hold
2011-08-19,245.705704,Hold
2011-08-22,249.334335,Hold
2011-08-23,259.669678,Hold
2011-08-24,261.906921,Hold
2011-08-25,260.280273,Hold
2011-08-26,263.693695,Hold
2011-08-29,269.809814,Hold
2011-08-30,270.62060499999995,Hold
2011-08-31,270.750763,Hold
2011-09-01,266.51651,Hold
2011-09-02,262.68267799999995,Hold
2011-09-06,261.351349,Hold
2011-09-07,267.282288,Hold
2011-09-08,267.747742,Hold
2011-09-09,262.687683,Hold
2011-09-12,265.325317,Hold
2011-09-13,265.02502400000003,Hold
2011-09-14,266.3013,Hold
2011-09-15,271.551544,Hold
2011-09-16,273.613617,Hold
2011-09-19,273.608612,Hold
2011-09-20,273.588593,Hold
2011-09-21,269.869873,Hold
2011-09-22,260.590576,Hold
2011-09-23,263.01800499999996,Hold
2011-09-26,266.211212,Hold
2011-09-27,269.93994100000003,Hold
2011-09-28,264.684692,Hold
2011-09-29,264.014008,Hold
2011-09-30,257.777771,Hold
2011-10-03,248.00801099999998,Hold
2011-10-04,251.201202,Hold
2011-10-05,252.6026,Hold
2011-10-06,257.61261,Hold
2011-10-07,257.81781,Hold
2011-10-10,268.85385099999996,Hold
2011-10-11,271.861847,Hold
2011-10-12,274.524536,Hold
2011-10-13,279.77477999999996,Hold
2011-10-14,296.136139,Hold
2011-10-17,291.49649,Hold
2011-10-18,295.550537,Hold
2011-10-19,290.640656,Hold
2011-10-20,292.127136,Hold
2011-10-21,295.540527,Hold
2011-10-24,298.508514,Hold
2011-10-25,291.871857,Hold
2011-10-26,293.448456,Hold
2011-10-27,299.634644,Hold
2011-10-28,300.370361,Hold
2011-10-31,296.616608,Hold
2011-11-01,289.61462400000005,Hold
2011-11-02,292.702698,Hold
2011-11-03,299.049042,Hold
2011-11-04,298.368378,Hold
2011-11-07,304.46948199999997,Hold
2011-11-08,306.476471,Hold
2011-11-09,300.77578700000004,Hold
2011-11-10,297.83783,Hold
2011-11-11,304.479492,Hold
2011-11-14,306.806793,Hold
2011-11-15,308.588593,Hold
2011-11-16,306.041046,Hold
2011-11-17,300.735748,Hold
2011-11-18,297.737732,Hold
2011-11-21,290.760773,Hold
2011-11-22,290.290283,Hold
2011-11-23,285.340332,Hold
2011-11-25,281.781769,Hold
2011-11-28,294.389404,Hold
2011-11-29,291.75674399999997,Hold
2011-11-30,299.994995,Hold
2011-12-01,307.1922,Hold
2011-12-02,310.490479,Hold
2011-12-05,313.138153,Hold
2011-12-06,312.197205,Hold
2011-12-07,312.007019,Hold
2011-12-08,308.333344,Hold
2011-12-09,314.024017,Hold
2011-12-12,313.007996,Hold
2011-12-13,313.128143,Hold
2011-12-14,309.34432999999996,Hold
2011-12-15,310.08007799999996,Hold
2011-12-16,313.293304,Hold
2011-12-19,311.226227,Hold
2011-12-20,315.50048799999996,Hold
2011-12-21,313.223236,Hold
2011-12-22,315.165161,Hold
2011-12-23,316.886902,Hold
2011-12-27,320.44543500000003,Hold
2011-12-28,320.170166,Hold
2011-12-29,321.52151499999997,Hold
2011-12-30,323.273285,Hold
2012-01-03,333.038025,Hold
2012-01-04,334.474487,Hold
2012-01-05,329.834839,Hold
2012-01-06,325.335327,Hold
2012-01-09,311.541534,Hold
2012-01-10,311.88189700000004,Hold
2012-01-11,313.293304,Hold
2012-01-12,315.135132,Hold
2012-01-13,312.8078,Hold
2012-01-17,314.604614,Hold
2012-01-18,316.771759,Hold
2012-01-19,320.105103,Hold
2012-01-20,293.2883,Hold
2012-01-23,293.05304,Hold
2012-01-24,290.755768,Hold
2012-01-25,285.030029,Hold
2012-01-26,284.33432,Hold
2012-01-27,290.280273,Hold
2012-01-30,289.134125,Hold
2012-01-31,290.34533700000003,Hold
2012-02-01,290.705719,Hold
2012-02-02,292.847839,Hold
2012-02-03,298.46347000000003,Hold
2012-02-06,304.849854,Hold
2012-02-07,303.68869,Hold
2012-02-08,305.230225,Hold
2012-02-09,306.036041,Hold
2012-02-10,303.25827000000004,Hold
2012-02-13,306.40640299999995,Hold
2012-02-14,305.185181,Hold
2012-02-15,303.08306899999997,Hold
2012-02-16,303.56356800000003,Hold
2012-02-17,302.62262000000004,Hold
2012-02-21,307.307312,Hold
2012-02-22,304.27426099999997,Hold
2012-02-23,303.35836800000004,Hold
2012-02-24,305.25524900000005,Hold
2012-02-27,304.95996099999996,Hold
2012-02-28,309.50451699999996,Hold
2012-02-29,309.434448,Hold
2012-03-01,311.511505,Hold
2012-03-02,310.935944,Hold
2012-03-05,307.432434,Hold
2012-03-06,302.78277599999996,Hold
2012-03-07,303.70370499999996,Hold
2012-03-08,303.873871,Hold
2012-03-09,300.425415,Hold
2012-03-12,302.877869,Hold
2012-03-13,309.199188,Hold
2012-03-14,308.303314,Hold
2012-03-15,310.875885,Hold
2012-03-16,312.832825,Hold
2012-03-19,317.307312,Hold
2012-03-20,317.062073,Hold
2012-03-21,320.310303,Hold
2012-03-22,323.348358,Hold
2012-03-23,321.616608,Hold
2012-03-26,324.98999,Hold
2012-03-27,323.833832,Hold
2012-03-28,328.208221,Hold
2012-03-29,324.529541,Hold
2012-03-30,320.940948,Hold
2012-04-02,323.783783,Hold
2012-04-03,321.631622,Hold
2012-04-04,317.892883,Hold
2012-04-05,316.476471,Hold
2012-04-09,315.735748,Hold
2012-04-10,313.743744,Hold
2012-04-11,318.29830899999996,Hold
2012-04-12,325.830841,Hold
2012-04-13,312.61261,Hold
2012-04-16,303.338348,Hold
2012-04-17,305.090088,Hold
2012-04-18,304.029022,Hold
2012-04-19,299.949951,Hold
2012-04-20,298.328339,Hold
2012-04-23,299.099091,Hold
2012-04-24,300.935944,Hold
2012-04-25,305.165161,Hold
2012-04-26,308.04303,Hold
2012-04-27,307.797791,Hold
2012-04-30,302.727722,Hold
2012-05-01,302.517517,Hold
2012-05-02,303.933929,Hold
2012-05-03,305.81582599999996,Hold
2012-05-04,298.783783,Hold
2012-05-07,304.079071,Hold
2012-05-08,306.70169100000004,Hold
2012-05-09,304.879883,Hold
2012-05-10,307.137146,Hold
2012-05-11,302.917908,Hold
2012-05-14,302.302307,Hold
2012-05-15,305.86087000000003,Hold
2012-05-16,314.779785,Hold
2012-05-17,311.836823,Hold
2012-05-18,300.50048799999996,Hold
2012-05-21,307.362366,Hold
2012-05-22,300.700714,Hold
2012-05-23,305.035034,Hold
2012-05-24,302.132141,Hold
2012-05-25,296.06106600000004,Hold
2012-05-29,297.467468,Hold
2012-05-30,294.409424,Hold
2012-05-31,290.720734,Hold
2012-06-01,285.77578700000004,Hold
2012-06-04,289.58459500000004,Hold
2012-06-05,285.490479,Hold
2012-06-06,290.575562,Hold
2012-06-07,289.404419,Hold
2012-06-08,290.51550299999997,Hold
2012-06-11,284.534546,Hold
2012-06-12,282.832825,Hold
2012-06-13,280.825836,Hold
2012-06-14,279.80481000000003,Hold
2012-06-15,282.537537,Hold
2012-06-18,285.710724,Hold
2012-06-19,291.056061,Hold
2012-06-20,289.044037,Hold
2012-06-21,282.887878,Hold
2012-06-22,286.026031,Hold
2012-06-25,280.630646,Hold
2012-06-26,282.62262000000004,Hold
2012-06-27,284.934937,Hold
2012-06-28,282.43743900000004,Hold
2012-06-29,290.325317,Hold
2012-07-02,290.525513,Hold
2012-07-03,294.209198,Hold
2012-07-05,298.25827000000004,Hold
2012-07-06,293.283295,Hold
2012-07-09,293.29830899999996,Hold
2012-07-10,291.141144,Hold
2012-07-11,285.88088999999997,Hold
2012-07-12,285.525513,Hold
2012-07-13,288.54855299999997,Hold
2012-07-16,287.747742,Hold
2012-07-17,288.653656,Hold
2012-07-18,290.670685,Hold
2012-07-19,296.826813,Hold
2012-07-20,305.715729,Hold
2012-07-23,308.06304900000003,Hold
2012-07-24,304.089081,Hold
2012-07-25,304.299286,Hold
2012-07-26,306.987,Hold
2012-07-27,317.797791,Hold
2012-07-30,316.466461,Hold
2012-07-31,316.801788,Hold
2012-08-01,316.656647,Hold
2012-08-02,314.689697,Hold
2012-08-03,320.985992,Hold
2012-08-06,321.73172,Hold
2012-08-07,320.590576,Hold
2012-08-08,321.43643199999997,Hold
2012-08-09,321.49649,Hold
2012-08-10,321.32132,Hold
2012-08-13,330.335327,Hold
2012-08-14,334.664673,Hold
2012-08-15,334.10409500000003,Hold
2012-08-16,336.771759,Hold
2012-08-17,338.908905,Hold
2012-08-20,338.108093,Hold
2012-08-21,335.090088,Hold
2012-08-22,338.928925,Hold
2012-08-23,338.738739,Hold
2012-08-24,339.65466299999997,Hold
2012-08-27,334.944946,Hold
2012-08-28,338.963959,Hold
2012-08-29,344.349335,Hold
2012-08-30,341.18118300000003,Hold
2012-08-31,342.887878,Hold
2012-09-04,340.86087000000003,Hold
2012-09-05,340.700714,Hold
2012-09-06,350.050049,Hold
2012-09-07,353.428436,Hold
2012-09-10,350.735748,Hold
2012-09-11,346.441437,Hold
2012-09-12,345.785797,Hold
2012-09-13,353.373383,Hold
2012-09-14,355.19518999999997,Hold
2012-09-17,355.34533700000003,Hold
2012-09-18,359.49951200000004,Hold
2012-09-19,364.114105,Hold
2012-09-20,364.424438,Hold
2012-09-21,367.362366,Hold
2012-09-24,375.065063,Hold
2012-09-25,374.954956,Hold
2012-09-26,377.107117,Hold
2012-09-27,378.628632,Hold
2012-09-28,377.627625,Hold
2012-10-01,381.271271,Hold
2012-10-02,378.873871,Hold
2012-10-03,381.631622,Hold
2012-10-04,384.409424,Hold
2012-10-05,384.209198,Hold
2012-10-08,379.299286,Hold
2012-10-09,372.417419,Hold
2012-10-10,372.652649,Hold
2012-10-11,376.11611899999997,Hold
2012-10-12,372.747742,Hold
2012-10-15,370.86087000000003,Hold
2012-10-16,372.722717,Hold
2012-10-17,378.123108,Hold
2012-10-18,347.847839,Hold
2012-10-19,341.236237,Hold
2012-10-22,339.674683,Hold
2012-10-23,340.51550299999997,Hold
2012-10-24,338.988983,Hold
2012-10-25,339.219208,Hold
2012-10-26,337.912903,Hold
2012-10-31,340.490479,Hold
2012-11-01,344.13912999999997,Hold
2012-11-02,344.30429100000003,Hold
2012-11-05,341.82180800000003,Hold
2012-11-06,341.201202,Hold
2012-11-07,333.89389,Hold
2012-11-08,326.471466,Hold
2012-11-09,331.846832,Hold
2012-11-12,333.283295,Hold
2012-11-13,329.85485800000004,Hold
2012-11-14,326.60159300000004,Hold
2012-11-15,323.953949,Hold
2012-11-16,323.91391,Hold
2012-11-19,334.43945299999996,Hold
2012-11-20,335.320313,Hold
2012-11-21,333.26828,Hold
2012-11-23,334.319305,Hold
2012-11-26,330.905914,Hold
2012-11-27,335.690704,Hold
2012-11-28,342.177185,Hold
2012-11-29,346.29129,Hold
2012-11-30,349.534546,Hold
2012-12-03,347.972961,Hold
2012-12-04,345.86087000000003,Hold
2012-12-05,344.254242,Hold
2012-12-06,345.910919,Hold
2012-12-07,342.447449,Hold
2012-12-10,343.05304,Hold
2012-12-11,348.788788,Hold
2012-12-12,349.12912,Hold
2012-12-13,351.70169100000004,Hold
2012-12-14,351.331329,Hold
2012-12-17,360.750763,Hold
2012-12-18,360.89590499999997,Hold
2012-12-19,360.41540499999996,Hold
2012-12-20,361.541534,Hold
2012-12-21,358.173187,Hold
2012-12-24,355.105103,Hold
2012-12-26,354.789795,Hold
2012-12-27,353.49850499999997,Hold
2012-12-28,350.355347,Hold
2012-12-31,354.044037,Hold
2013-01-02,361.987,Hold
2013-01-03,362.197205,Hold
2013-01-04,369.35434,Hold
2013-01-07,367.74273700000003,Hold
2013-01-08,367.017029,Hold
2013-01-09,369.429443,Hold
2013-01-10,371.111115,Hold
2013-01-11,370.365356,Hold
2013-01-14,361.987,Hold
2013-01-15,362.82782000000003,Hold
2013-01-16,357.952942,Hold
2013-01-17,356.016022,Hold
2013-01-18,352.607605,Hold
2013-01-22,351.78677400000004,Hold
2013-01-23,371.121124,Hold
2013-01-24,377.482483,Hold
2013-01-25,377.212219,Hold
2013-01-28,375.740753,Hold
2013-01-29,377.21722400000004,Hold
2013-01-30,377.292297,Hold
2013-01-31,378.223236,Hold
2013-02-01,388.188202,Hold
2013-02-04,379.88989300000003,Hold
2013-02-05,383.253265,Hold
2013-02-06,385.470459,Hold
2013-02-07,387.362366,Hold
2013-02-08,393.07806400000004,Hold
2013-02-11,391.60159300000004,Hold
2013-02-12,390.740753,Hold
2013-02-13,391.82180800000003,Hold
2013-02-14,394.30429100000003,Hold
2013-02-15,396.841827,Hold
2013-02-19,403.828827,Hold
2013-02-20,396.626617,Hold
2013-02-21,398.163177,Hold
2013-02-22,400.25524900000005,Hold
2013-02-25,395.780792,Hold
2013-02-26,395.46044900000004,Hold
2013-02-27,400.290283,Hold
2013-02-28,401.00100699999996,Hold
2013-03-01,403.49850499999997,Hold
2013-03-04,411.161163,Hold
2013-03-05,419.719727,Hold
2013-03-06,416.10611,Hold
2013-03-07,416.716705,Hold
2013-03-08,416.176178,Hold
2013-03-11,417.82782000000003,Hold
2013-03-12,414.219208,Hold
2013-03-13,413.068054,Hold
2013-03-14,411.18118300000003,Hold
2013-03-15,407.55755600000003,Hold
2013-03-18,404.299286,Hold
2013-03-19,406.066071,Hold
2013-03-20,407.762756,Hold
2013-03-21,406.036041,Hold
2013-03-22,405.56054700000004,Hold
2013-03-25,405.22522000000004,Hold
2013-03-26,406.616608,Hold
2013-03-27,401.73172,Hold
2013-03-28,397.492493,Hold
2013-04-01,400.996002,Hold
2013-04-02,406.926941,Hold
2013-04-03,403.50351,Hold
2013-04-04,397.932922,Hold
2013-04-05,391.91693100000003,Hold
2013-04-08,387.81280499999997,Hold
2013-04-09,389.214203,Hold
2013-04-10,395.485474,Hold
2013-04-11,395.590576,Hold
2013-04-12,395.42041,Hold
2013-04-15,391.356354,Hold
2013-04-16,397.082092,Hold
2013-04-17,391.671661,Hold
2013-04-18,383.338348,Hold
2013-04-19,400.335327,Hold
2013-04-22,400.455444,Hold
2013-04-23,404.35434,Hold
2013-04-24,407.132141,Hold
2013-04-25,404.954956,Hold
2013-04-26,401.111115,Hold
2013-04-29,409.93994100000003,Hold
2013-04-30,412.697693,Hold
2013-05-01,410.62564100000003,Hold
2013-05-02,415.220215,Hold
2013-05-03,423.283295,Hold
2013-05-06,431.206207,Hold
2013-05-07,429.044037,Hold
2013-05-08,437.252258,Hold
2013-05-09,436.17617800000005,Hold
2013-05-10,440.555542,Hold
2013-05-13,439.204193,Hold
2013-05-14,443.993988,Hold
2013-05-15,458.403412,Hold
2013-05-16,452.38739000000004,Hold
2013-05-17,455.045044,Hold
2013-05-20,454.719727,Hold
2013-05-21,453.93893399999996,Hold
2013-05-22,445.155151,Hold
2013-05-23,441.83682300000004,Hold
2013-05-24,437.09710700000005,Hold
2013-05-28,441.07608,Hold
2013-05-29,434.5896,Hold
2013-05-30,435.81582599999996,Hold
2013-05-31,436.046051,Hold
2013-06-03,434.249237,Hold
2013-06-04,429.97997999999995,Hold
2013-06-05,430.280273,Hold
2013-06-06,432.752747,Hold
2013-06-07,440.30529800000005,Hold
2013-06-10,445.555542,Hold
2013-06-11,440.34533700000003,Hold
2013-06-12,436.426422,Hold
2013-06-13,438.93893399999996,Hold
2013-06-14,437.957947,Hold
2013-06-17,443.5685730000001,Hold
2013-06-18,450.76077300000003,Hold
2013-06-19,450.7908019999999,Hold
2013-06-20,442.81280499999997,Hold
2013-06-21,440.90591399999994,Hold
2013-06-24,435.33032199999997,Hold
2013-06-25,433.53353899999996,Hold
2013-06-26,437.26226799999995,Hold
2013-06-27,438.97396900000007,Hold
2013-06-28,440.62564100000003,Hold
2013-07-01,444.38439900000003,Hold
2013-07-02,441.596588,Hold
2013-07-03,443.65866100000005,Hold
2013-07-05,447.1922,Hold
2013-07-08,452.997986,Hold
2013-07-09,453.073059,Hold
2013-07-10,453.44845599999996,Hold
2013-07-11,460.58056600000003,Hold
2013-07-12,461.961975,Hold
2013-07-15,462.8078,Hold
2013-07-16,460.26525899999996,Hold
2013-07-17,459.73474100000004,Hold
2013-07-18,455.795807,Hold
2013-07-19,448.74874900000003,Hold
2013-07-22,455.805817,Hold
2013-07-23,452.352356,Hold
2013-07-24,451.90191699999997,Hold
2013-07-25,444.29428099999996,Hold
2013-07-26,443.118103,Hold
2013-07-29,441.57656900000006,Hold
2013-07-30,445.90591399999994,Hold
2013-07-31,444.319305,Hold
2013-08-01,452.562561,Hold
2013-08-02,453.73873899999995,Hold
2013-08-05,452.952942,Hold
2013-08-06,448.73373399999997,Hold
2013-08-07,445.77078200000005,Hold
2013-08-08,446.77676399999996,Hold
2013-08-09,445.65066500000006,Hold
2013-08-12,443.198212,Hold
2013-08-13,441.066071,Hold
2013-08-14,435.34033200000005,Hold
2013-08-15,430.26025400000003,Hold
2013-08-16,428.883881,Hold
2013-08-19,433.25827000000004,Hold
2013-08-20,433.143158,Hold
2013-08-21,435.10009800000006,Hold
2013-08-22,437.29229699999996,Hold
2013-08-23,435.54052699999994,Hold
2013-08-26,433.62863200000004,Hold
2013-08-27,425.50048799999996,Hold
2013-08-28,424.69970700000005,Hold
2013-08-29,428.143158,Hold
2013-08-30,423.873871,Hold
2013-09-03,430.62060499999995,Hold
2013-09-04,436.25125099999997,Hold
2013-09-05,440.22021500000005,Hold
2013-09-06,440.230225,Hold
2013-09-09,444.469482,Hold
2013-09-10,444.77978499999995,Hold
2013-09-11,448.54354900000004,Hold
2013-09-12,446.97699000000006,Hold
2013-09-13,444.97997999999995,Hold
2013-09-16,444.32430999999997,Hold
2013-09-17,443.49850499999997,Hold
2013-09-18,452.112122,Hold
2013-09-19,449.644653,Hold
2013-09-20,452.007019,Hold
2013-09-23,443.693695,Hold
2013-09-24,443.86386100000004,Hold
2013-09-25,439.05404699999997,Hold
2013-09-26,439.524536,Hold
2013-09-27,438.633636,Hold
2013-09-30,438.393402,Hold
2013-10-01,443.94393899999994,Hold
2013-10-02,444.439453,Hold
2013-10-03,438.48349,Hold
2013-10-04,436.611603,Hold
2013-10-07,433.30331399999994,Hold
2013-10-08,427.26226799999995,Hold
2013-10-09,428.358368,Hold
2013-10-10,434.554565,Hold
2013-10-11,436.4314269999999,Hold
2013-10-14,438.4935,Hold
2013-10-15,441.446442,Hold
2013-10-16,449.46447800000004,Hold
2013-10-17,444.839844,Hold
2013-10-18,506.211212,Hold
2013-10-21,502.15216100000004,Hold
2013-10-22,504.003998,Hold
2013-10-23,516.221191,Hold
2013-10-24,513.288269,Hold
2013-10-25,508.108093,Hold
2013-10-28,508.007996,Hold
2013-10-29,518.6386110000001,Hold
2013-10-30,515.725708,Hold
2013-10-31,515.805786,Hold
2013-11-01,514.034058,Hold
2013-11-04,513.568542,Hold
2013-11-05,511.271271,Hold
2013-11-06,511.88690199999996,Buy
2013-11-07,504.479492,Sell
2013-11-08,508.523529,Buy
2013-11-11,505.800812,Sell
2013-11-12,506.396393,Hold
2013-11-13,516.75177,Hold
2013-11-14,518.133118,Hold
2013-11-15,517.297302,Hold
2013-11-18,516.291321,Hold
2013-11-19,513.113098,Hold
2013-11-20,511.66665599999993,Hold
2013-11-21,517.552551,Hold
2013-11-22,516.461487,Hold
2013-11-25,523.488464,Hold
2013-11-26,529.734741,Hold
2013-11-27,532.087097,Hold
2013-11-29,530.325317,Hold
2013-12-02,527.7677610000001,Hold
2013-12-03,527.157166,Hold
2013-12-04,529.619629,Hold
2013-12-05,529.1992190000001,Hold
2013-12-06,535.470459,Hold
2013-12-09,539.6096190000001,Hold
2013-12-10,542.8728639999999,Hold
2013-12-11,539.184204,Hold
2013-12-12,535.5155030000001,Hold
2013-12-13,530.9259030000001,Hold
2013-12-16,537.027039,Hold
2013-12-17,535.465454,Hold
2013-12-18,542.917908,Hold
2013-12-19,543.653625,Hold
2013-12-20,550.86084,Hold
2013-12-23,558.1080929999999,Hold
2013-12-24,556.476501,Hold
2013-12-26,559.289307,Hold
2013-12-27,559.759766,Hold
2013-12-30,555.2852780000001,Hold
2013-12-31,560.9158940000001,Hold
2014-01-02,557.117126,Hold
2014-01-03,553.05304,Hold
2014-01-06,559.219238,Hold
2014-01-07,570.0,Hold
2014-01-08,571.186157,Hold
2014-01-09,565.6856690000001,Hold
2014-01-10,565.6556400000001,Hold
2014-01-13,562.052063,Hold
2014-01-14,575.2752690000001,Hold
2014-01-15,574.8848879999999,Hold
2014-01-16,578.6886599999999,Hold
2014-01-17,575.84082,Hold
2014-01-21,582.432434,Hold
2014-01-22,583.093079,Hold
2014-01-23,580.630615,Hold
2014-01-24,562.477478,Hold
2014-01-27,551.1661379999999,Hold
2014-01-28,562.067078,Hold
2014-01-29,554.014038,Hold
2014-01-30,568.263245,Hold
2014-01-31,591.07605,Hold
2014-02-03,567.282288,Hold
2014-02-04,569.649658,Hold
2014-02-05,572.17218,Hold
2014-02-06,580.5605469999999,Hold
2014-02-07,589.3093259999999,Hold
2014-02-10,587.052063,Hold
2014-02-11,595.6856690000001,Hold
2014-02-12,593.938965,Hold
2014-02-13,600.550537,Hold
2014-02-14,602.0020139999999,Hold
2014-02-18,606.046021,Hold
2014-02-19,601.77179,Hold
2014-02-20,602.657654,Hold
2014-02-21,602.4974980000001,Hold
2014-02-24,606.8618769999999,Hold
2014-02-25,610.610596,Hold
2014-02-26,610.695679,Hold
2014-02-27,610.21521,Hold
2014-02-28,608.433411,Hold
2014-03-03,601.94696,Hold
2014-03-04,608.063049,Hold
2014-03-05,609.739746,Hold
2014-03-06,610.415405,Hold
2014-03-07,608.0029910000001,Hold
2014-03-10,606.3914179999999,Hold
2014-03-11,600.5955809999999,Hold
2014-03-12,604.254272,Hold
2014-03-13,595.1251219999999,Hold
2014-03-14,586.987,Hold
2014-03-17,596.646667,Hold
2014-03-18,606.2362059999999,Hold
2014-03-19,600.22522,Hold
2014-03-20,599.179199,Hold
2014-03-21,592.112122,Hold
2014-03-24,579.544556,Hold
2014-03-25,579.939941,Hold
2014-03-26,566.551575,Hold
2014-03-27,557.697693,Hold
2014-03-28,560.63562,Hold
2014-03-31,557.812805,Hold
2014-04-01,568.013,Hold
2014-04-02,568.118103,Hold
2014-04-03,571.5,Hold
2014-04-04,545.25,Hold
2014-04-07,540.630005,Hold
2014-04-08,557.51001,Hold
2014-04-09,567.039978,Hold
2014-04-10,546.6900019999999,Hold
2014-04-11,537.76001,Hold
2014-04-14,545.200012,Hold
2014-04-15,548.700012,Hold
2014-04-16,563.900024,Hold
2014-04-17,543.340027,Hold
2014-04-21,539.369995,Hold
2014-04-22,545.5,Hold
2014-04-23,537.51001,Hold
2014-04-24,534.4400019999999,Hold
2014-04-25,523.099976,Hold
2014-04-28,522.97998,Hold
2014-04-29,536.330017,Hold
2014-04-30,534.880005,Hold
2014-05-01,538.530029,Hold
2014-05-02,533.869995,Hold
2014-05-05,535.330017,Hold
2014-05-06,522.570007,Buy
2014-05-07,518.0,Sell
2014-05-08,520.169983,Hold
2014-05-09,526.619995,Hold
2014-05-12,538.429993,Hold
2014-05-13,541.539978,Hold
2014-05-14,534.409973,Hold
2014-05-15,529.119995,Hold
2014-05-16,528.299988,Hold
2014-05-19,538.830017,Hold
2014-05-20,540.3900150000001,Hold
2014-05-21,549.700012,Hold
2014-05-22,555.450012,Hold
2014-05-23,563.799988,Hold
2014-05-27,574.869995,Hold
2014-05-28,570.450012,Hold
2014-05-29,570.5599980000001,Hold
2014-05-30,571.650024,Hold
2014-06-02,564.340027,Hold
2014-06-03,554.51001,Hold
2014-06-04,553.76001,Hold
2014-06-05,564.929993,Hold
2014-06-06,566.030029,Hold
2014-06-09,570.72998,Hold
2014-06-10,568.299988,Hold
2014-06-11,567.5,Hold
2014-06-12,559.5,Hold
2014-06-13,560.349976,Hold
2014-06-16,552.299988,Hold
2014-06-17,550.619995,Hold
2014-06-18,560.659973,Hold
2014-06-19,564.98999,Hold
2014-06-20,566.52002,Hold
2014-06-23,574.289978,Hold
2014-06-24,572.539978,Hold
2014-06-25,585.929993,Hold
2014-06-26,584.77002,Hold
2014-06-27,585.6900019999999,Hold
2014-06-30,584.669983,Hold
2014-07-01,591.48999,Hold
2014-07-02,590.780029,Hold
2014-07-03,593.080017,Hold
2014-07-07,590.76001,Hold
2014-07-08,578.400024,Hold
2014-07-09,583.3599849999999,Hold
2014-07-10,580.039978,Hold
2014-07-11,586.650024,Hold
2014-07-14,594.26001,Hold
2014-07-15,593.0599980000001,Hold
2014-07-16,590.619995,Hold
2014-07-17,580.820007,Hold
2014-07-18,605.1099849999999,Hold
2014-07-21,598.4400019999999,Hold
2014-07-22,603.570007,Hold
2014-07-23,605.1900019999999,Hold
2014-07-24,603.01001,Hold
2014-07-25,598.080017,Hold
2014-07-28,599.02002,Hold
2014-07-29,593.950012,Hold
2014-07-30,595.4400019999999,Hold
2014-07-31,579.549988,Hold
2014-08-01,573.599976,Hold
2014-08-04,582.27002,Hold
2014-08-05,573.1400150000001,Hold
2014-08-06,574.48999,Hold
2014-08-07,571.8099980000001,Hold
2014-08-08,577.9400019999999,Hold
2014-08-11,577.25,Hold
2014-08-12,572.119995,Hold
2014-08-13,584.5599980000001,Hold
2014-08-14,584.650024,Hold
2014-08-15,583.710022,Hold
2014-08-18,592.700012,Hold
2014-08-19,597.1099849999999,Hold
2014-08-20,595.409973,Hold
2014-08-21,592.419983,Hold
2014-08-22,592.539978,Hold
2014-08-25,590.570007,Hold
2014-08-26,588.119995,Hold
2014-08-27,583.0,Hold
2014-08-28,580.320007,Hold
2014-08-29,582.3599849999999,Hold
2014-09-02,588.630005,Hold
2014-09-03,589.52002,Hold
2014-09-04,593.1400150000001,Hold
2014-09-05,597.780029,Hold
2014-09-08,601.630005,Hold
2014-09-09,591.969971,Hold
2014-09-10,593.419983,Hold
2014-09-11,591.1099849999999,Hold
2014-09-12,584.900024,Hold
2014-09-15,581.6400150000001,Hold
2014-09-16,588.780029,Hold
2014-09-17,593.289978,Hold
2014-09-18,597.27002,Hold
2014-09-19,605.400024,Hold
2014-09-22,597.27002,Hold
2014-09-23,591.179993,Hold
2014-09-24,598.419983,Hold
2014-09-25,585.25,Hold
2014-09-26,587.900024,Hold
2014-09-29,587.8099980000001,Hold
2014-09-30,588.409973,Hold
2014-10-01,579.630005,Hold
2014-10-02,580.880005,Hold
2014-10-03,586.25,Hold
2014-10-06,587.780029,Hold
2014-10-07,574.099976,Hold
2014-10-08,583.73999,Hold
2014-10-09,570.8099980000001,Hold
2014-10-10,555.1900019999999,Hold
2014-10-13,544.75,Hold
2014-10-14,548.6900019999999,Hold
2014-10-15,540.72998,Hold
2014-10-16,536.919983,Hold
2014-10-17,522.969971,Hold
2014-10-20,532.380005,Hold
2014-10-21,538.030029,Hold
2014-10-22,542.6900019999999,Hold
2014-10-23,553.650024,Hold
2014-10-24,548.900024,Hold
2014-10-27,549.880005,Hold
2014-10-28,558.9400019999999,Hold
2014-10-29,558.450012,Hold
2014-10-30,560.27002,Hold
2014-10-31,567.869995,Hold
2014-11-03,563.77002,Hold
2014-11-04,564.1900019999999,Hold
2014-11-05,555.950012,Hold
2014-11-06,551.6900019999999,Hold
2014-11-07,551.820007,Hold
2014-11-10,558.22998,Hold
2014-11-11,561.289978,Hold
2014-11-12,558.25,Hold
2014-11-13,556.4400019999999,Hold
2014-11-14,555.1900019999999,Hold
2014-11-17,546.6400150000001,Hold
2014-11-18,544.51001,Hold
2014-11-19,547.200012,Hold
2014-11-20,543.76001,Hold
2014-11-21,545.8900150000001,Hold
2014-11-24,547.47998,Hold
2014-11-25,549.22998,Hold
2014-11-26,547.72998,Hold
2014-11-28,549.080017,Hold
2014-12-01,539.650024,Hold
2014-12-02,538.590027,Hold
2014-12-03,536.969971,Hold
2014-12-04,542.580017,Hold
2014-12-05,528.080017,Hold
2014-12-08,530.72998,Hold
2014-12-09,536.1099849999999,Hold
2014-12-10,528.039978,Hold
2014-12-11,532.1099849999999,Hold
2014-12-12,521.51001,Hold
2014-12-15,515.840027,Hold
2014-12-16,498.160004,Hold
2014-12-17,506.450012,Hold
2014-12-18,514.619995,Hold
2014-12-19,520.039978,Hold
2014-12-22,532.299988,Hold
2014-12-23,538.77002,Hold
2014-12-24,536.929993,Hold
2014-12-26,541.52002,Hold
2014-12-29,537.3099980000001,Hold
2014-12-30,535.280029,Hold
2014-12-31,530.659973,Hold
2015-01-02,529.549988,Hold
2015-01-05,519.460022,Hold
2015-01-06,506.64001500000006,Hold
2015-01-07,505.14999400000005,Hold
2015-01-08,506.910004,Hold
2015-01-09,500.72000099999997,Hold
2015-01-12,497.05999800000006,Hold
2015-01-13,501.799988,Hold
2015-01-14,505.92999299999997,Buy
2015-01-15,504.01000999999997,Sell
2015-01-16,510.459991,Hold
2015-01-20,509.94000199999994,Hold
2015-01-21,520.3900150000001,Hold
2015-01-22,537.299988,Hold
2015-01-23,541.950012,Hold
2015-01-26,536.719971,Hold
2015-01-27,521.1900019999999,Hold
2015-01-28,512.429993,Hold
2015-01-29,513.22998,Hold
2015-01-30,537.549988,Hold
2015-02-02,532.200012,Hold
2015-02-03,533.299988,Hold
2015-02-04,526.099976,Hold
2015-02-05,529.830017,Buy
2015-02-06,533.880005,Buy
2015-02-09,529.280029,Hold
2015-02-10,540.159973,Buy
2015-02-11,538.0,Sell
2015-02-12,546.01001,Sell
2015-02-13,551.159973,Sell
2015-02-17,545.01001,Hold
2015-02-18,542.650024,Hold
2015-02-19,546.450012,Hold
2015-02-20,541.799988,Hold
2015-02-23,535.0,Hold
2015-02-24,538.650024,Hold
2015-02-25,547.330017,Hold
2015-02-26,559.289978,Hold
2015-02-27,562.630005,Hold
2015-03-02,575.02002,Hold
2015-03-03,578.789978,Hold
2015-03-04,578.330017,Hold
2015-03-05,581.429993,Hold
2015-03-06,572.900024,Hold
2015-03-09,574.099976,Hold
2015-03-10,559.849976,Hold
2015-03-11,555.6900019999999,Hold
2015-03-12,561.169983,Hold
2015-03-13,553.0,Hold
2015-03-16,561.6400150000001,Hold
2015-03-17,557.6099849999999,Hold
2015-03-18,566.159973,Hold
2015-03-19,563.669983,Hold
2015-03-20,564.950012,Hold
2015-03-23,565.369995,Hold
2015-03-24,577.539978,Hold
2015-03-25,567.0,Hold
2015-03-26,563.6400150000001,Hold
2015-03-27,557.549988,Hold
2015-03-30,561.1400150000001,Hold
2015-03-31,554.700012,Hold
2015-04-01,549.48999,Hold
2015-04-02,541.3099980000001,Hold
2015-04-06,543.950012,Hold
2015-04-07,544.8599849999999,Hold
2015-04-08,548.840027,Hold
2015-04-09,548.02002,Hold
2015-04-10,548.539978,Hold
2015-04-13,548.6400150000001,Hold
2015-04-14,539.780029,Hold
2015-04-15,541.039978,Hold
2015-04-16,543.52002,Hold
2015-04-17,532.73999,Hold
2015-04-20,544.530029,Hold
2015-04-21,542.919983,Hold
2015-04-22,549.179993,Hold
2015-04-23,557.460022,Hold
2015-04-24,573.659973,Hold
2015-04-27,566.119995,Hold
2015-04-28,564.369995,Hold
2015-04-29,561.3900150000001,Hold
2015-04-30,548.77002,Hold
2015-05-01,551.159973,Hold
2015-05-04,552.840027,Hold
2015-05-05,543.039978,Hold
2015-05-06,535.080017,Hold
2015-05-07,542.039978,Hold
2015-05-08,548.950012,Hold
2015-05-11,545.780029,Hold
2015-05-12,538.72998,Hold
2015-05-13,539.48999,Hold
2015-05-14,549.200012,Buy
2015-05-15,546.48999,Sell
2015-05-18,546.669983,Hold
2015-05-19,549.280029,Hold
2015-05-20,552.51001,Hold
2015-05-21,556.8099980000001,Hold
2015-05-22,554.52002,Hold
2015-05-26,547.1900019999999,Hold
2015-05-27,554.25,Hold
2015-05-28,554.179993,Hold
2015-05-29,545.320007,Hold
2015-06-01,549.210022,Hold
2015-06-02,553.950012,Hold
2015-06-03,555.289978,Hold
2015-06-04,551.6900019999999,Hold
2015-06-05,549.530029,Hold
2015-06-08,543.47998,Hold
2015-06-09,542.159973,Hold
2015-06-10,552.599976,Hold
2015-06-11,550.039978,Hold
2015-06-12,547.469971,Hold
2015-06-15,543.0,Hold
2015-06-16,544.869995,Hold
2015-06-17,546.599976,Hold
2015-06-18,556.179993,Hold
2015-06-19,557.52002,Hold
2015-06-22,559.679993,Hold
2015-06-23,563.3900150000001,Hold
2015-06-24,558.570007,Hold
2015-06-25,557.950012,Hold
2015-06-26,553.0599980000001,Hold
2015-06-29,541.25,Hold
2015-06-30,540.039978,Hold
2015-07-01,543.299988,Hold
2015-07-02,547.340027,Hold
2015-07-06,545.619995,Hold
2015-07-07,550.030029,Hold
2015-07-08,541.700012,Hold
2015-07-09,544.650024,Hold
2015-07-10,556.1099849999999,Hold
2015-07-13,571.72998,Hold
2015-07-14,584.179993,Hold
2015-07-15,583.960022,Hold
2015-07-16,601.780029,Hold
2015-07-17,699.619995,Hold
2015-07-20,692.840027,Hold
2015-07-21,695.349976,Hold
2015-07-22,695.099976,Hold
2015-07-23,674.72998,Hold
2015-07-24,654.77002,Buy
2015-07-27,658.27002,Sell
2015-07-28,659.659973,Hold
2015-07-29,661.429993,Hold
2015-07-30,664.5599980000001,Hold
2015-07-31,657.5,Hold
2015-08-03,664.719971,Hold
2015-08-04,661.280029,Hold
2015-08-05,673.289978,Buy
2015-08-06,670.150024,Sell
2015-08-07,664.3900150000001,Buy
2015-08-10,663.1400150000001,Buy
2015-08-11,690.299988,Hold
2015-08-12,691.469971,Sell
2015-08-13,686.51001,Sell
2015-08-14,689.369995,Hold
2015-08-17,694.1099849999999,Hold
2015-08-18,688.72998,Hold
2015-08-19,694.039978,Hold
2015-08-20,679.47998,Hold
2015-08-21,644.030029,Hold
2015-08-24,618.1099849999999,Hold
2015-08-25,612.469971,Hold
2015-08-26,659.73999,Hold
2015-08-27,667.960022,Hold
2015-08-28,659.6900019999999,Hold
2015-08-31,647.820007,Hold
2015-09-01,629.5599980000001,Hold
2015-09-02,644.909973,Hold
2015-09-03,637.049988,Hold
2015-09-04,628.960022,Hold
2015-09-08,643.880005,Hold
2015-09-09,643.409973,Hold
2015-09-10,651.080017,Hold
2015-09-11,655.299988,Hold
2015-09-14,652.469971,Hold
2015-09-15,665.070007,Hold
2015-09-16,665.52002,Hold
2015-09-17,671.669983,Hold
2015-09-18,660.919983,Hold
2015-09-21,666.97998,Buy
2015-09-22,653.200012,Sell
2015-09-23,653.289978,Hold
2015-09-24,654.909973,Hold
2015-09-25,640.150024,Hold
2015-09-28,624.25,Hold
2015-09-29,622.6099849999999,Hold
2015-09-30,638.369995,Hold
2015-10-01,642.0,Hold
2015-10-02,656.98999,Hold
2015-10-05,671.679993,Hold
2015-10-06,671.6400150000001,Hold
2015-10-07,670.0,Hold
2015-10-08,667.0,Hold
2015-10-09,671.23999,Hold
2015-10-12,676.429993,Hold
2015-10-13,683.169983,Hold
2015-10-14,680.409973,Hold
2015-10-15,693.02002,Hold
2015-10-16,695.320007,Hold
2015-10-19,699.950012,Buy
2015-10-20,680.0,Sell
2015-10-21,671.799988,Hold
2015-10-22,681.1400150000001,Hold
2015-10-23,719.330017,Hold
2015-10-26,731.119995,Hold
2015-10-27,732.820007,Hold
2015-10-28,736.919983,Hold
2015-10-29,744.849976,Buy
2015-10-30,737.3900150000001,Hold
2015-11-02,747.73999,Hold
2015-11-03,748.820007,Buy
2015-11-04,755.3099980000001,Hold
2015-11-05,760.669983,Buy
2015-11-06,761.599976,Sell
2015-11-09,754.77002,Sell
2015-11-10,758.26001,Sell
2015-11-11,765.25,Hold
2015-11-12,756.530029,Hold
2015-11-13,740.070007,Hold
2015-11-16,750.419983,Hold
2015-11-17,745.97998,Hold
2015-11-18,760.01001,Hold
2015-11-19,759.9400019999999,Hold
2015-11-20,777.0,Hold
2015-11-23,776.700012,Hold
2015-11-24,769.630005,Hold
2015-11-25,769.26001,Hold
2015-11-27,771.969971,Hold
2015-11-30,762.849976,Buy
2015-12-01,783.789978,Sell
2015-12-02,777.849976,Hold
2015-12-03,768.200012,Hold
2015-12-04,779.210022,Hold
2015-12-07,772.98999,Hold
2015-12-08,775.1400150000001,Hold
2015-12-09,762.549988,Hold
2015-12-10,760.039978,Hold
2015-12-11,750.419983,Hold
2015-12-14,762.539978,Hold
2015-12-15,760.090027,Hold
2015-12-16,776.590027,Hold
2015-12-17,769.830017,Hold
2015-12-18,756.849976,Hold
2015-12-21,760.799988,Hold
2015-12-22,767.130005,Hold
2015-12-23,768.51001,Hold
2015-12-24,765.840027,Hold
2015-12-28,782.23999,Hold
2015-12-29,793.960022,Hold
2015-12-30,790.299988,Hold
2015-12-31,778.01001,Hold
2016-01-04,759.4400019999999,Hold
2016-01-05,761.530029,Hold
2016-01-06,759.330017,Hold
2016-01-07,741.0,Hold
2016-01-08,730.909973,Hold
2016-01-11,733.070007,Hold
2016-01-12,745.340027,Hold
2016-01-13,719.570007,Buy
2016-01-14,731.3900150000001,Hold
2016-01-15,710.48999,Buy
2016-01-19,719.080017,Buy
2016-01-20,718.5599980000001,Sell
2016-01-21,726.669983,Hold
2016-01-22,745.460022,Hold
2016-01-25,733.619995,Hold
2016-01-26,733.789978,Sell
2016-01-27,717.580017,Sell
2016-01-28,748.299988,Hold
2016-01-29,761.349976,Hold
2016-02-01,770.77002,Hold
2016-02-02,780.909973,Hold
2016-02-03,749.380005,Hold
2016-02-04,730.030029,Hold
2016-02-05,703.76001,Hold
2016-02-08,704.159973,Hold
2016-02-09,701.02002,Hold
2016-02-10,706.849976,Hold
2016-02-11,706.3599849999999,Hold
2016-02-12,706.8900150000001,Hold
2016-02-16,717.6400150000001,Hold
2016-02-17,731.969971,Hold
2016-02-18,717.51001,Hold
2016-02-19,722.1099849999999,Hold
2016-02-22,729.049988,Hold
2016-02-23,717.289978,Hold
2016-02-24,720.900024,Hold
2016-02-25,729.119995,Hold
2016-02-26,724.8599849999999,Hold
2016-02-29,717.219971,Hold
2016-03-01,742.169983,Hold
2016-03-02,739.47998,Hold
2016-03-03,731.590027,Hold
2016-03-04,730.219971,Hold
2016-03-07,712.799988,Hold
2016-03-08,713.530029,Buy
2016-03-09,725.409973,Buy
2016-03-10,732.169983,Sell
2016-03-11,744.869995,Sell
2016-03-14,750.23999,Hold
2016-03-15,750.570007,Hold
2016-03-16,757.3599849999999,Hold
2016-03-17,758.47998,Hold
2016-03-18,755.409973,Hold
2016-03-21,762.159973,Buy
2016-03-22,760.049988,Sell
2016-03-23,757.5599980000001,Buy
2016-03-24,754.840027,Sell
2016-03-28,753.280029,Hold
2016-03-29,765.8900150000001,Hold
2016-03-30,768.340027,Hold
2016-03-31,762.900024,Hold
2016-04-01,769.669983,Hold
2016-04-04,765.119995,Hold
2016-04-05,758.570007,Hold
2016-04-06,768.070007,Hold
2016-04-07,760.119995,Hold
2016-04-08,759.469971,Hold
2016-04-11,757.539978,Hold
2016-04-12,764.320007,Hold
2016-04-13,771.909973,Hold
2016-04-14,775.3900150000001,Hold
2016-04-15,780.0,Hold
2016-04-18,787.679993,Hold
2016-04-19,776.25,Hold
2016-04-20,774.919983,Hold
2016-04-21,780.0,Hold
2016-04-22,737.77002,Hold
2016-04-25,742.210022,Hold
2016-04-26,725.369995,Hold
2016-04-27,721.460022,Hold
2016-04-28,705.0599980000001,Hold
2016-04-29,707.880005,Hold
2016-05-02,714.409973,Hold
2016-05-03,708.4400019999999,Hold
2016-05-04,711.369995,Hold
2016-05-05,714.710022,Buy
2016-05-06,725.179993,Sell
2016-05-09,729.130005,Hold
2016-05-10,739.380005,Hold
2016-05-11,730.549988,Hold
2016-05-12,728.070007,Hold
2016-05-13,724.830017,Hold
2016-05-16,730.299988,Hold
2016-05-17,720.1900019999999,Hold
2016-05-18,721.780029,Hold
2016-05-19,715.3099980000001,Hold
2016-05-20,721.710022,Hold
2016-05-23,717.25,Hold
2016-05-24,733.030029,Hold
2016-05-25,738.099976,Hold
2016-05-26,736.929993,Hold
2016-05-27,747.599976,Hold
2016-05-31,748.849976,Buy
2016-06-01,748.460022,Buy
2016-06-02,744.27002,Sell
2016-06-03,735.8599849999999,Hold
2016-06-06,730.0599980000001,Sell
2016-06-07,731.090027,Hold
2016-06-08,742.929993,Hold
2016-06-09,742.52002,Hold
2016-06-10,733.1900019999999,Hold
2016-06-13,731.880005,Hold
2016-06-14,733.25,Hold
2016-06-15,732.1900019999999,Hold
2016-06-16,724.25,Hold
2016-06-17,704.25,Hold
2016-06-20,706.130005,Hold
2016-06-21,708.880005,Hold
2016-06-22,710.469971,Hold
2016-06-23,714.869995,Hold
2016-06-24,685.200012,Hold
2016-06-27,681.1400150000001,Hold
2016-06-28,691.26001,Hold
2016-06-29,695.1900019999999,Hold
2016-06-30,703.530029,Buy
2016-07-01,710.25,Sell
2016-07-05,704.8900150000001,Hold
2016-07-06,708.969971,Hold
2016-07-07,707.26001,Hold
2016-07-08,717.780029,Buy
2016-07-11,727.200012,Sell
2016-07-12,732.51001,Hold
2016-07-13,729.47998,Hold
2016-07-14,735.799988,Hold
2016-07-15,735.630005,Hold
2016-07-18,753.200012,Buy
2016-07-19,753.409973,Sell
2016-07-20,757.080017,Hold
2016-07-21,754.409973,Hold
2016-07-22,759.280029,Hold
2016-07-25,757.52002,Hold
2016-07-26,757.650024,Hold
2016-07-27,761.969971,Hold
2016-07-28,765.840027,Hold
2016-07-29,791.340027,Hold
2016-08-01,800.9400019999999,Hold
2016-08-02,800.119995,Hold
2016-08-03,798.919983,Hold
2016-08-04,797.25,Hold
2016-08-05,806.929993,Hold
2016-08-08,805.22998,Hold
2016-08-09,807.47998,Hold
2016-08-10,808.48999,Hold
2016-08-11,808.200012,Hold
2016-08-12,807.049988,Hold
2016-08-15,805.960022,Hold
2016-08-16,801.1900019999999,Hold
2016-08-17,805.419983,Hold
2016-08-18,802.75,Hold
2016-08-19,799.650024,Hold
2016-08-22,796.950012,Hold
2016-08-23,796.590027,Hold
2016-08-24,793.599976,Hold
2016-08-25,791.299988,Hold
2016-08-26,793.219971,Hold
2016-08-29,795.820007,Hold
2016-08-30,791.919983,Hold
2016-08-31,789.849976,Hold
2016-09-01,791.400024,Hold
2016-09-02,796.869995,Hold
2016-09-06,808.02002,Hold
2016-09-07,807.98999,Hold
2016-09-08,802.840027,Hold
2016-09-09,788.47998,Hold
2016-09-12,798.820007,Hold
2016-09-13,788.719971,Hold
2016-09-14,790.460022,Hold
2016-09-15,801.22998,Hold
2016-09-16,797.969971,Hold
2016-09-19,795.3900150000001,Hold
2016-09-20,799.780029,Hold
2016-09-21,805.030029,Hold
2016-09-22,815.950012,Hold
2016-09-23,814.960022,Hold
2016-09-26,802.650024,Hold
2016-09-27,810.72998,Hold
2016-09-28,810.0599980000001,Hold
2016-09-29,802.6400150000001,Hold
2016-09-30,804.0599980000001,Hold
2016-10-03,800.380005,Hold
2016-10-04,802.789978,Hold
2016-10-05,801.22998,Hold
2016-10-06,803.080017,Hold
2016-10-07,800.710022,Hold
2016-10-10,814.169983,Hold
2016-10-11,809.570007,Hold
2016-10-12,811.77002,Hold
2016-10-13,804.080017,Hold
2016-10-14,804.599976,Hold
2016-10-17,806.840027,Hold
2016-10-18,821.48999,Hold
2016-10-19,826.840027,Hold
2016-10-20,821.630005,Hold
2016-10-21,824.0599980000001,Hold
2016-10-24,835.73999,Hold
2016-10-25,828.549988,Hold
2016-10-26,822.099976,Hold
2016-10-27,817.349976,Hold
2016-10-28,819.5599980000001,Hold
2016-10-31,809.900024,Hold
2016-11-01,805.47998,Hold
2016-11-02,788.419983,Hold
2016-11-03,782.1900019999999,Hold
2016-11-04,781.099976,Hold
2016-11-07,802.030029,Hold
2016-11-08,811.97998,Hold
2016-11-09,805.590027,Hold
2016-11-10,780.289978,Hold
2016-11-11,771.75,Hold
2016-11-14,753.219971,Hold
2016-11-15,775.159973,Hold
2016-11-16,779.97998,Hold
2016-11-17,786.159973,Hold
2016-11-18,775.969971,Hold
2016-11-21,784.799988,Hold
2016-11-22,785.0,Hold
2016-11-23,779.0,Hold
2016-11-25,780.22998,Hold
2016-11-28,785.789978,Hold
2016-11-29,789.4400019999999,Hold
2016-11-30,775.880005,Hold
2016-12-01,764.330017,Hold
2016-12-02,764.460022,Hold
2016-12-05,778.219971,Hold
2016-12-06,776.179993,Hold
2016-12-07,791.469971,Hold
2016-12-08,795.169983,Hold
2016-12-09,809.450012,Hold
2016-12-12,807.900024,Hold
2016-12-13,815.340027,Hold
2016-12-14,817.8900150000001,Hold
2016-12-15,815.650024,Hold
2016-12-16,809.840027,Hold
2016-12-19,812.5,Hold
2016-12-20,815.200012,Hold
2016-12-21,812.200012,Hold
2016-12-22,809.679993,Hold
2016-12-23,807.799988,Hold
2016-12-27,809.929993,Hold
2016-12-28,804.570007,Hold
2016-12-29,802.880005,Hold
2016-12-30,792.450012,Hold
2017-01-03,808.01001,Hold
2017-01-04,807.77002,Hold
2017-01-05,813.02002,Hold
2017-01-06,825.210022,Hold
2017-01-09,827.179993,Hold
2017-01-10,826.01001,Hold
2017-01-11,829.8599849999999,Hold
2017-01-12,829.530029,Hold
2017-01-13,830.9400019999999,Hold
2017-01-17,827.460022,Hold
2017-01-18,829.02002,Hold
2017-01-19,824.369995,Hold
2017-01-20,828.169983,Hold
2017-01-23,844.429993,Hold
2017-01-24,849.5300289999999,Hold
2017-01-25,858.4500119999999,Hold
2017-01-26,856.9799800000001,Hold
2017-01-27,845.0300289999999,Hold
2017-01-30,823.830017,Buy
2017-01-31,820.1900019999999,Sell
2017-02-01,815.23999,Hold
2017-02-02,818.26001,Hold
2017-02-03,820.130005,Hold
2017-02-06,821.619995,Hold
2017-02-07,829.22998,Hold
2017-02-08,829.880005,Hold
2017-02-09,830.0599980000001,Hold
2017-02-10,834.849976,Hold
2017-02-13,838.9600220000001,Hold
2017-02-14,840.0300289999999,Buy
2017-02-15,837.320007,Sell
2017-02-16,842.169983,Hold
2017-02-17,846.5499880000001,Hold
2017-02-21,849.2700199999999,Hold
2017-02-22,851.3599849999999,Hold
2017-02-23,851.0,Hold
2017-02-24,847.8099980000001,Hold
2017-02-27,849.669983,Hold
2017-02-28,844.929993,Hold
2017-03-01,856.75,Hold
2017-03-02,849.849976,Hold
2017-03-03,849.080017,Hold
2017-03-06,847.2700199999999,Hold
2017-03-07,851.150024,Hold
2017-03-08,853.6400150000001,Hold
2017-03-09,857.840027,Hold
2017-03-10,861.409973,Hold
2017-03-13,864.580017,Hold
2017-03-14,865.909973,Hold
2017-03-15,868.3900150000001,Hold
2017-03-16,870.0,Hold
2017-03-17,872.3699949999999,Hold
2017-03-20,867.909973,Hold
2017-03-21,850.1400150000001,Hold
2017-03-22,849.7999880000001,Hold
2017-03-23,839.650024,Hold
2017-03-24,835.1400150000001,Hold
2017-03-27,838.51001,Hold
2017-03-28,840.6300050000001,Hold
2017-03-29,849.8699949999999,Hold
2017-03-30,849.4799800000001,Hold
2017-03-31,847.7999880000001,Hold
2017-04-03,856.75,Hold
2017-04-04,852.570007,Hold
2017-04-05,848.909973,Hold
2017-04-06,845.099976,Hold
2017-04-07,842.099976,Hold
2017-04-10,841.7000119999999,Hold
2017-04-11,839.8800050000001,Hold
2017-04-12,841.4600220000001,Hold
2017-04-13,840.179993,Hold
2017-04-17,855.1300050000001,Hold
2017-04-18,853.98999,Hold
2017-04-19,856.51001,Hold
2017-04-20,860.080017,Hold
2017-04-21,858.9500119999999,Hold
2017-04-24,878.929993,Hold
2017-04-25,888.840027,Hold
2017-04-26,889.1400150000001,Hold
2017-04-27,891.4400019999999,Hold
2017-04-28,924.5200199999999,Hold
2017-05-01,932.820007,Hold
2017-05-02,937.090027,Hold
2017-05-03,948.4500119999999,Hold
2017-05-04,954.7199710000001,Hold
2017-05-05,950.2800289999999,Hold
2017-05-08,958.6900019999999,Hold
2017-05-09,956.7100220000001,Hold
2017-05-10,954.840027,Hold
2017-05-11,955.8900150000001,Hold
2017-05-12,955.1400150000001,Hold
2017-05-15,959.2199710000001,Hold
2017-05-16,964.6099849999999,Hold
2017-05-17,942.169983,Hold
2017-05-18,950.5,Hold
2017-05-19,954.650024,Hold
2017-05-22,964.070007,Hold
2017-05-23,970.5499880000001,Hold
2017-05-24,977.6099849999999,Hold
2017-05-25,991.8599849999999,Hold
2017-05-26,993.2700199999999,Hold
2017-05-30,996.169983,Hold
2017-05-31,987.090027,Hold
2017-06-01,988.2899779999999,Hold
2017-06-02,996.1199949999999,Hold
2017-06-05,1003.8800050000001,Hold
2017-06-06,996.679993,Hold
2017-06-07,1001.5,Hold
2017-06-08,1004.2800289999999,Hold
2017-06-09,970.1199949999999,Hold
2017-06-12,961.8099980000001,Hold
2017-06-13,970.5,Hold
2017-06-14,967.929993,Hold
2017-06-15,960.179993,Hold
2017-06-16,958.6199949999999,Hold
2017-06-19,975.2199710000001,Hold
2017-06-20,968.98999,Hold
2017-06-21,978.590027,Hold
2017-06-22,976.6199949999999,Hold
2017-06-23,986.090027,Hold
2017-06-26,972.090027,Hold
2017-06-27,948.090027,Hold
2017-06-28,961.01001,Hold
2017-06-29,937.820007,Hold
2017-06-30,929.679993,Hold
2017-07-03,919.4600220000001,Hold
2017-07-05,932.26001,Hold
2017-07-06,927.6900019999999,Hold
2017-07-07,940.8099980000001,Hold
2017-07-10,951.0,Hold
2017-07-11,953.5300289999999,Buy
2017-07-12,967.659973,Buy
2017-07-13,968.849976,Hold
2017-07-14,976.909973,Sell
2017-07-17,975.9600220000001,Sell
2017-07-18,986.9500119999999,Hold
2017-07-19,992.7700199999999,Hold
2017-07-20,992.1900019999999,Hold
2017-07-21,993.840027,Hold
2017-07-24,998.3099980000001,Hold
2017-07-25,969.0300289999999,Hold
2017-07-26,965.3099980000001,Hold
2017-07-27,952.51001,Hold
2017-07-28,958.330017,Hold
2017-07-31,945.5,Hold
2017-08-01,946.5599980000001,Hold
2017-08-02,947.6400150000001,Hold
2017-08-03,940.2999880000001,Buy
2017-08-04,945.7899779999999,Sell
2017-08-07,945.75,Buy
2017-08-08,944.1900019999999,Sell
2017-08-09,940.080017,Hold
