Date,True Close,Predicted Close
2010-08-12,246.25125099999997,246.2512464811214
2010-08-13,243.418411,513.8766810807673
2010-08-16,243.03804,617.238111269118
2010-08-17,245.50550800000002,417.05729459906553
2010-08-18,241.316315,528.2908900949009
2010-08-19,234.219223,536.0100066749862
2010-08-20,231.241241,443.84010215631076
2010-08-23,232.267273,429.40149171431057
2010-08-24,225.920914,532.2157123371159
2010-08-25,227.53753700000001,528.5117334648983
2010-08-26,225.71571400000002,632.4424064776388
2010-08-27,229.644638,502.17897089125574
2010-08-30,226.571579,544.0474330324753
2010-08-31,225.235229,529.6237513422527
2010-09-01,230.39540099999996,470.96569057085645
2010-09-02,231.821823,500.52359752735293
2010-09-03,235.38539100000003,532.81743622486
2010-09-07,232.43243399999997,527.7199291871028
2010-09-08,235.52552799999998,416.47154424354994
2010-09-09,238.328323,520.0033432974432
2010-09-10,238.308304,480.0658443857562
2010-09-13,241.376373,501.33980323301506
2010-09-14,240.45546000000002,429.985338247671
2010-09-15,240.560562,469.5003743796616
2010-09-16,240.770767,593.5793597817569
2010-09-17,245.320328,430.96877847752273
2010-09-20,254.394394,423.052198392199
2010-09-21,256.987,612.3628406419596
2010-09-22,258.25827000000004,513.8987839916417
2010-09-23,256.997009,532.6907856168558
2010-09-24,263.908905,515.8425864120499
2010-09-27,265.470459,530.2244768842326
2010-09-28,263.848846,496.21392460167743
2010-09-29,264.1091,543.1661955480744
2010-09-30,263.158173,585.377879676118
2010-10-01,263.073059,541.5461357634152
2010-10-04,261.43643199999997,619.5478654554953
2010-10-05,269.38439900000003,576.9324781611864
2010-10-06,267.44244399999997,520.5278927358737
2010-10-07,265.270264,654.5019473546739
2010-10-08,268.443451,555.1805670836114
2010-10-11,269.689697,555.414876512755
2010-10-12,270.965973,617.0250224918013
2010-10-13,271.92193599999996,606.8396203964361
2010-10-14,270.735748,525.9902835418058
2010-10-15,301.026031,592.039121223554
2010-10-18,309.164154,563.1940331427577
2010-10-19,304.219208,603.1851641175958
2010-10-20,304.294281,647.8632730649796
2010-10-21,306.3013,607.6094610674173
2010-10-22,306.571564,611.0460457962098
2010-10-25,308.558563,646.8249470354355
2010-10-26,309.609619,669.2255971210494
2010-10-27,308.54354900000004,619.2016484313782
2010-10-28,309.599609,647.7524799024872
2010-10-29,307.157166,662.9251530893578
2010-11-01,307.8078,634.2522448268857
2010-11-02,308.108093,673.3838697507038
2010-11-03,310.400391,631.8462315349566
2010-11-04,312.447449,651.7428447049946
2010-11-05,312.852844,663.1113561830688
2010-11-08,313.6987,669.3421946193806
2010-11-09,312.722717,657.319418405549
2010-11-10,311.75174,669.2542473227501
2010-11-11,308.9039,637.8731752619207
2010-11-12,301.94696,621.8526975650811
2010-11-15,298.03302,607.6128043648605
2010-11-16,292.152161,619.5641175958441
2010-11-17,292.067078,596.6400557216241
2010-11-18,298.578583,587.6257132077662
2010-11-19,295.710724,656.4531793249557
2010-11-22,295.905914,633.0727109150536
2010-11-23,291.796783,610.4727631540761
2010-11-24,297.78277599999996,611.5196331659749
2010-11-26,295.29528799999997,595.6139652320284
2010-11-29,291.346344,637.1214441187567
2010-11-30,278.133148,597.508430797806
2010-12-01,282.45745800000003,632.0848593899643
2010-12-02,286.196198,640.8624082189395
2010-12-03,286.78677400000004,626.8617465246539
2010-12-06,289.46948199999997,589.8982499927446
2010-12-07,293.863861,618.5144615027425
2010-12-08,295.565552,626.2619032417216
2010-12-09,296.046051,603.6819688307165
2010-12-10,296.401398,633.3958498998752
2010-12-13,297.607605,649.7572510665467
2010-12-14,297.752747,691.9434889862728
2010-12-15,295.44543500000003,655.5578256957948
2010-12-16,296.151154,683.719488057579
2010-12-17,295.69570899999997,658.6454073192675
2010-12-20,297.82782000000003,606.1039092201875
2010-12-21,301.836823,685.2973851467046
2010-12-22,303.048035,627.9374060423136
2010-12-23,302.417419,617.9938822300259
2010-12-27,301.491486,674.1839858374206
2010-12-28,299.759766,632.4720318077603
2010-12-29,300.800812,609.3177467568273
2010-12-30,299.729736,638.3630612067215
2010-12-31,297.282288,624.3450793742926
2011-01-03,302.47747799999996,624.6283309632296
2011-01-04,301.361359,606.0821777868067
2011-01-05,304.83984399999997,618.7273181066256
2011-01-06,307.057068,618.8053283803001
2011-01-07,308.528534,652.6553791682387
2011-01-10,307.412415,669.2456104710219
2011-01-11,308.313324,649.4849580636736
2011-01-12,308.743744,656.3963432684216
2011-01-13,308.653656,640.8642191717213
2011-01-14,312.402405,624.7200394694837
2011-01-18,320.135132,684.414011666715
2011-01-19,316.191193,642.1021679194358
2011-01-20,313.6987,670.6993412078823
2011-01-21,306.221222,639.6173085294715
2011-01-24,305.845856,601.3022375714659
2011-01-25,310.26525899999996,655.4389993325013
2011-01-26,308.558563,649.692288939838
2011-01-27,308.70370499999996,619.7242708303103
2011-01-28,300.79580699999997,645.6843718257538
2011-01-31,300.48046899999997,630.1724468177729
2011-02-01,305.825836,604.1219142699597
2011-02-02,306.306305,666.8870069942246
2011-02-03,305.38037099999997,640.9298778187306
2011-02-04,305.79580699999997,628.6466494471371
2011-02-07,307.452454,641.4889978814174
2011-02-08,309.49951200000004,635.70309661317
2011-02-09,308.558563,646.3362683924892
2011-02-10,308.528534,622.1821052326087
2011-02-11,312.56256099999996,634.678422381519
2011-02-14,314.389404,628.3886118930841
2011-02-15,312.38739,660.8605276141277
2011-02-16,312.42242400000003,655.8394985053835
2011-02-17,312.942932,653.8001334997243
2011-02-18,315.355347,685.6087297211017
2011-02-22,305.4104,647.2081725048612
2011-02-23,305.965973,652.593156688046
2011-02-24,304.714722,631.9034390689845
2011-02-25,305.325317,628.2871985373074
2011-02-28,307.007019,616.0537945845547
2011-03-01,300.680695,664.5931799053893
2011-03-02,300.69570899999997,618.2463011869867
2011-03-03,305.085083,635.7859825289491
2011-03-04,300.610596,633.6462257306208
2011-03-07,296.126129,622.4972574513162
2011-03-08,296.45144700000003,594.4577647502684
2011-03-09,296.18118300000003,596.9352410250457
2011-03-10,290.44043,645.8447572336536
2011-03-11,288.643646,618.7997562178948
2011-03-14,285.280273,632.2657224947036
2011-03-15,285.065063,590.1336738543692
2011-03-16,278.828827,632.7994892184462
2011-03-17,280.96096800000004,608.2552514728502
2011-03-18,280.81082200000003,590.038436311925
2011-03-21,288.538544,647.8468816205706
2011-03-22,288.948944,631.092689439011
2011-03-23,291.371368,593.0893113155527
2011-03-24,293.738739,655.2909655512668
2011-03-25,290.16015600000003,612.6067852685957
2011-03-28,287.96795699999996,641.3201613605363
2011-03-29,291.156158,614.7594276924863
2011-03-30,291.211212,623.1842122065183
2011-03-31,293.673676,612.1456191775256
2011-04-01,296.196198,629.8767971674841
2011-04-04,294.134125,666.686780625127
2011-04-05,284.829834,615.3323388571263
2011-04-06,287.37737999999996,592.0531444989407
2011-04-07,290.290283,651.6887018602896
2011-04-08,289.369354,605.9907246713295
2011-04-11,288.973969,641.0926778303393
2011-04-12,285.590576,658.5734799895522
2011-04-13,288.428436,585.4821023304409
2011-04-14,289.544556,591.5563165684766
2011-04-15,265.61560099999997,567.2356386220507
2011-04-18,263.683685,531.5262268914879
2011-04-19,261.026031,488.8881098180341
2011-04-20,263.128143,597.5966567025569
2011-04-21,262.81280499999997,608.1394665815365
2011-04-25,262.787781,493.0383956815741
2011-04-26,266.676666,590.08911977247
2011-04-27,269.149139,606.5244681777287
2011-04-28,269.254242,613.0799547261804
2011-04-29,272.32232700000003,588.0035754708767
2011-05-02,269.549561,628.4351858838552
2011-05-03,267.212219,542.631918042778
2011-05-04,268.163177,606.8504164610964
2011-05-05,267.402405,557.1442203325885
2011-05-06,267.917908,517.6745276721712
2011-05-09,269.1091,587.603494210175
2011-05-10,271.60159300000004,522.2029776242854
2011-05-11,267.992981,557.3784601097019
2011-05-12,267.792786,613.8253010999216
2011-05-13,265.04003900000004,572.7860463766433
2011-05-16,259.46948199999997,624.8059900745857
2011-05-17,265.49548300000004,494.2573062077372
2011-05-18,265.170166,501.80442870824504
2011-05-19,265.8909,553.1529500536901
2011-05-20,262.277283,546.5670255680993
2011-05-23,259.454468,620.2090489595728
2011-05-24,259.389404,592.1254897408364
2011-05-25,260.095093,567.5034042429695
2011-05-26,259.32431,579.4590823345038
2011-05-27,260.710724,529.4976347331457
2011-05-31,264.77477999999996,608.4536901065096
2011-06-01,263.06304900000003,486.1024929622428
2011-06-02,264.294281,495.827773746989
2011-06-03,261.801788,606.2165597701483
2011-06-06,260.790802,539.6028905592477
2011-06-07,259.77477999999996,582.3715587543895
2011-06-08,259.844849,580.302986330789
2011-06-09,258.623627,536.0867167774328
2011-06-10,255.01001000000002,518.2852831064805
2011-06-13,252.617615,566.1581913689527
2011-06-14,254.439438,461.30950459993613
2011-06-15,251.72672999999998,568.7359201323388
2011-06-16,250.43544,504.0931247641989
2011-06-17,242.75274700000003,528.687070841919
2011-06-20,242.53253199999997,471.00636735641524
2011-06-21,246.74675,532.0196418724787
2011-06-22,243.74874900000003,498.1758365499028
2011-06-23,240.35035699999997,441.14384885509475
2011-06-24,237.677673,462.7230228981049
2011-06-27,241.64164700000003,542.4086600690716
2011-06-28,247.072067,490.0049569028064
2011-06-29,249.034027,531.6089735032069
2011-06-30,253.44345099999998,629.3509243404824
2011-07-01,260.77578700000004,490.2715616565574
2011-07-05,266.486481,501.78260440549093
2011-07-06,267.947937,524.3067939750994
2011-07-07,273.573578,548.2818121136489
2011-07-08,266.261261,512.6834257190121
2011-07-11,263.9039,650.8152189685695
2011-07-12,267.272278,590.7382999100328
2011-07-13,269.39941400000004,537.4765069506922
2011-07-14,264.73474100000004,526.1842876628842
2011-07-15,299.1091,501.1093478828685
2011-07-18,297.767761,539.1805670836114
2011-07-19,301.576569,611.6444960385408
2011-07-20,297.972961,603.9947296630583
2011-07-21,303.798798,627.8797805961053
2011-07-22,309.424438,651.9214325100851
2011-07-25,309.799805,655.2664016019967
2011-07-26,311.571564,644.9338015497576
2011-07-27,303.91391,634.4594363989901
2011-07-28,305.77578700000004,652.3651623762951
2011-07-29,302.147156,632.0465972081145
2011-08-01,303.68869,602.2031401456888
2011-08-02,296.49649,646.6457091447311
2011-08-03,300.885895,660.8053632063151
2011-08-04,289.049042,622.7276199320893
2011-08-05,289.809814,593.2900252488608
2011-08-08,273.283295,609.1640943785007
2011-08-09,286.992004,574.5472908262473
2011-08-10,274.779785,654.4482224221493
2011-08-11,281.346344,675.3101198595351
2011-08-12,282.167175,652.414336709522
2011-08-15,278.89389,558.1911599965174
2011-08-16,269.769775,554.33364483269
2011-08-17,266.841827,642.6001334997243
2011-08-18,252.69268799999998,570.2710973096904
2011-08-19,245.705704,586.1454914821371
2011-08-22,249.334335,596.10475665322
2011-08-23,259.669678,506.04739820646023
2011-08-24,261.906921,574.6953942595119
2011-08-25,260.280273,560.5002408799373
2011-08-26,263.693695,532.2129726905998
2011-08-29,269.809814,607.2724845459559
2011-08-30,270.62060499999995,592.0469222509214
2011-08-31,270.750763,548.8070812897234
2011-09-01,266.51651,557.1928142322315
2011-09-02,262.68267799999995,575.6143831442088
2011-09-06,261.351349,592.3068636271295
2011-09-07,267.282288,536.4517862843544
2011-09-08,267.747742,564.7714194503294
2011-09-09,262.687683,545.5233595495836
2011-09-12,265.325317,536.453527585106
2011-09-13,265.02502400000003,512.7062019328438
2011-09-14,266.3013,493.94025016687465
2011-09-15,271.551544,567.7444002669995
2011-09-16,273.613617,592.197834982732
2011-09-19,273.608612,568.9697884319587
2011-09-20,273.588593,549.0563426879879
2011-09-21,269.869873,621.660736570218
2011-09-22,260.590576,572.0828859157791
2011-09-23,263.01800499999996,529.0243027541574
2011-09-26,266.211212,482.9141248512639
2011-09-27,269.93994100000003,574.8013582145863
2011-09-28,264.684692,503.41455146994804
2011-09-29,264.014008,544.0836056534231
2011-09-30,257.777771,500.46209478480426
2011-10-03,248.00801099999998,536.0074063325304
2011-10-04,251.201202,609.2473982064603
2011-10-05,252.6026,482.3914095829585
2011-10-06,257.61261,512.5162376295092
2011-10-07,257.81781,460.8177844850103
2011-10-10,268.85385099999996,471.4930028731462
2011-10-11,271.861847,524.0677017732246
2011-10-12,274.524536,516.0164378790956
2011-10-13,279.77477999999996,564.7858142032098
2011-10-14,296.136139,643.6076268972922
2011-10-17,291.49649,552.5567751110079
2011-10-18,295.550537,638.1326987259483
2011-10-19,290.640656,624.1863191804277
2011-10-20,292.127136,581.2793684882607
2011-10-21,295.540527,584.0897814667557
2011-10-24,298.508514,585.5287924079287
2011-10-25,291.871857,602.9388745392808
2011-10-26,293.448456,659.5536233566474
2011-10-27,299.634644,603.0373625097948
2011-10-28,300.370361,592.8961198014917
2011-10-31,296.616608,647.6105290652117
2011-11-01,289.61462400000005,641.8017819311025
2011-11-02,292.702698,593.1607510810576
2011-11-03,299.049042,583.9725338828105
2011-11-04,298.368378,652.8230083872653
2011-11-07,304.46948199999997,637.2162173143338
2011-11-08,306.476471,612.616606204835
2011-11-09,300.77578700000004,636.449998548916
2011-11-10,297.83783,648.7179963432684
2011-11-11,304.479492,617.332095075021
2011-11-14,306.806793,629.7959543779203
2011-11-15,308.588593,655.7639028354181
2011-11-16,306.041046,644.856627100444
2011-11-17,300.735748,676.4902574222945
2011-11-18,297.737732,673.7822329279973
2011-11-21,290.760773,625.8043358388717
2011-11-22,290.290283,624.653962910294
2011-11-23,285.340332,599.6072786371419
2011-11-25,281.781769,608.849963722901
2011-11-28,294.389404,618.2082711785704
2011-11-29,291.75674399999997,621.3146124154744
2011-11-30,299.994995,607.2361261862611
2011-12-01,307.1922,654.4596917897669
2011-12-02,310.490479,614.2652233218214
2011-12-05,313.138153,639.8954058681835
2011-12-06,312.197205,654.0408973503207
2011-12-07,312.007019,662.9641117915082
2011-12-08,308.333344,627.9766897872711
2011-12-09,314.024017,621.1780480018574
2011-12-12,313.007996,645.2948776736222
2011-12-13,313.128143,668.9615230577241
2011-12-14,309.34432999999996,643.5227442899846
2011-12-15,310.08007799999996,660.0606901355312
2011-12-16,313.293304,642.7975273529327
2011-12-19,311.226227,625.3067417360769
2011-12-20,315.50048799999996,622.3628290332879
2011-12-21,313.223236,654.1158893693589
2011-12-22,315.165161,651.3614301883507
2011-12-23,316.886902,664.5485097367733
2011-12-27,320.44543500000003,661.5018835069798
2011-12-28,320.170166,644.0025539077691
2011-12-29,321.52151499999997,667.5914211916302
2011-12-30,323.273285,644.4820384827466
2012-01-03,333.038025,659.4780276866819
2012-01-04,334.474487,659.4661404068839
2012-01-05,329.834839,684.68472589024
2012-01-06,325.335327,666.292828743071
2012-01-09,311.541534,684.9366805003338
2012-01-10,311.88189700000004,657.6973038860028
2012-01-11,313.293304,658.3948457497751
2012-01-12,315.135132,659.3365876309604
2012-01-13,312.8078,675.6503468090664
2012-01-17,314.604614,645.4845633688366
2012-01-18,316.771759,656.6704007893896
2012-01-19,320.105103,648.6224337580172
2012-01-20,293.2883,642.6289694401718
2012-01-23,293.05304,611.9334126592564
2012-01-24,290.755768,596.5863075717562
2012-01-25,285.030029,656.5498099080013
2012-01-26,284.33432,576.8662158632499
2012-01-27,290.280273,597.0677656209189
2012-01-30,289.134125,597.4577009025742
2012-01-31,290.34533700000003,647.7706822996779
2012-02-01,290.705719,625.7819078851902
2012-02-02,292.847839,608.9342426792814
2012-02-03,298.46347000000003,611.9906201932844
2012-02-06,304.849854,659.4570392082886
2012-02-07,303.68869,618.993481730853
2012-02-08,305.230225,636.1467336100067
2012-02-09,306.036041,657.7890123922571
2012-02-10,303.25827000000004,633.1959021388977
2012-02-13,306.40640299999995,635.6774646661056
2012-02-14,305.185181,641.7813971036364
2012-02-15,303.08306899999997,646.0091824592971
2012-02-16,303.56356800000003,660.4143831442087
2012-02-17,302.62262000000004,643.59820065589
2012-02-21,307.307312,623.1196215573033
2012-02-22,304.27426099999997,662.1853556606785
2012-02-23,303.35836800000004,662.2869083205154
2012-02-24,305.25524900000005,613.5477841947935
2012-02-27,304.95996099999996,614.2109411730563
2012-02-28,309.50451699999996,658.4338044519255
2012-02-29,309.434448,618.2447688423252
2012-03-01,311.511505,673.2385756159852
2012-03-02,310.935944,647.3893606524074
2012-03-05,307.432434,638.73537452477
2012-03-06,302.78277599999996,675.4907972255274
2012-03-07,303.70370499999996,637.3038395681574
2012-03-08,303.873871,637.6881330353774
2012-03-09,300.425415,630.4936819804394
2012-03-12,302.877869,606.9011927910149
2012-03-13,309.199188,641.0683460545027
2012-03-14,308.303314,677.6895725106655
2012-03-15,310.875885,659.2702324636504
2012-03-16,312.832825,656.4973851467046
2012-03-19,317.307312,635.41311199466
2012-03-20,317.062073,645.6143947528805
2012-03-21,320.310303,655.668479554227
2012-03-22,323.348358,660.6754853875846
2012-03-23,321.616608,666.3207359897843
2012-03-26,324.98999,657.2298923295701
2012-03-27,323.833832,679.6644861711699
2012-03-28,328.208221,647.246759729518
2012-03-29,324.529541,687.7801085410802
2012-03-30,320.940948,663.8231070609745
2012-04-02,323.783783,662.1916243433845
2012-04-03,321.631622,663.8648518443277
2012-04-04,317.892883,643.3650520939142
2012-04-05,316.476471,639.7412891429898
2012-04-09,315.735748,653.3006820094611
2012-04-10,313.743744,691.0515250892416
2012-04-11,318.29830899999996,675.2625243056564
2012-04-12,325.830841,645.0568070348551
2012-04-13,312.61261,692.3321937487303
2012-04-16,303.338348,606.5820936239371
2012-04-17,305.090088,620.8492904199437
2012-04-18,304.029022,655.5202135995588
2012-04-19,299.949951,616.109980555475
2012-04-20,298.328339,616.0380996604464
2012-04-23,299.099091,625.5527062715848
2012-04-24,300.935944,623.2633369126738
2012-04-25,305.165161,645.3966160722059
2012-04-26,308.04303,625.7892910003773
2012-04-27,307.797791,640.2248135357112
2012-04-30,302.727722,638.525071828656
2012-05-01,302.517517,641.1005717270801
2012-05-02,303.933929,630.6958586063789
2012-05-03,305.81582599999996,669.4620889804684
2012-05-04,298.783783,665.5767130046145
2012-05-07,304.079071,637.8863162782599
2012-05-08,306.70169100000004,636.1298313840439
2012-05-09,304.879883,644.1575064573236
2012-05-10,307.137146,654.0709870273095
2012-05-11,302.917908,620.5157964999855
2012-05-14,302.302307,649.1253678497837
2012-05-15,305.86087000000003,629.9080477116406
2012-05-16,314.779785,648.4737963258555
2012-05-17,311.836823,691.2581130104188
2012-05-18,300.50048799999996,622.7664857648664
2012-05-21,307.362366,609.2976405374815
2012-05-22,300.700714,659.3423455321125
2012-05-23,305.035034,602.6344487332037
2012-05-24,302.132141,646.9554285050933
2012-05-25,296.06106600000004,638.1688713468961
2012-05-29,297.467468,609.8862698435731
2012-05-30,294.409424,644.1049888266535
2012-05-31,290.720734,618.8566851438025
2012-06-01,285.77578700000004,619.2957715413414
2012-06-04,289.58459500000004,616.0053632063151
2012-06-05,285.490479,634.6387671590678
2012-06-06,290.575562,586.8321211945323
2012-06-07,289.404419,632.3943001422062
2012-06-08,290.51550299999997,660.7850248135358
2012-06-11,284.534546,654.9615114490524
2012-06-12,282.832825,592.765313289027
2012-06-13,280.825836,566.9218097919146
2012-06-14,279.80481000000003,595.9065734103375
2012-06-15,282.537537,596.2142032097977
2012-06-18,285.710724,557.1445685927388
2012-06-19,291.056061,565.2543866268102
2012-06-20,289.044037,664.0366601851583
2012-06-21,282.887878,606.8813187451026
2012-06-22,286.026031,596.7408886438169
2012-06-25,280.630646,602.5597121049424
2012-06-26,282.62262000000004,600.7248686769017
2012-06-27,284.934937,603.775395420379
2012-06-28,282.43743900000004,569.7874103955655
2012-06-29,290.325317,623.3657253968714
2012-07-02,290.525513,591.3621499259947
2012-07-03,294.209198,640.5064863452999
2012-07-05,298.25827000000004,622.530551121688
2012-07-06,293.283295,619.5863598107786
2012-07-09,293.29830899999996,614.2838668485358
2012-07-10,291.141144,656.3795803465189
2012-07-11,285.88088999999997,606.1994253707519
2012-07-12,285.525513,659.3483820413849
2012-07-13,288.54855299999997,614.9343007226398
2012-07-16,287.747742,595.4184519836318
2012-07-17,288.653656,613.8645616275357
2012-07-18,290.670685,625.1871724177961
2012-07-19,296.826813,653.3759526366196
2012-07-20,305.715729,621.0857822793627
2012-07-23,308.06304900000003,607.2905012043997
2012-07-24,304.089081,638.9910903444874
2012-07-25,304.299286,632.6711901790637
2012-07-26,306.987,634.1131729401864
2012-07-27,317.797791,629.2695707693647
2012-07-30,316.466461,643.8278666163624
2012-07-31,316.801788,652.9089589923673
2012-08-01,316.656647,674.0316336303218
2012-08-02,314.689697,648.4177032243085
2012-08-03,320.985992,656.4507647212467
2012-08-06,321.73172,668.5200684911629
2012-08-07,320.590576,672.841605479293
2012-08-08,321.43643199999997,666.51520445773
2012-08-09,321.49649,659.3240038308617
2012-08-10,321.32132,654.5774965899527
2012-08-13,330.335327,664.5545462460458
2012-08-14,334.664673,652.674603128537
2012-08-15,334.10409500000003,650.5925182111037
2012-08-16,336.771759,674.2481121397684
2012-08-17,338.908905,671.3599210610325
2012-08-20,338.108093,685.2497895928259
2012-08-21,335.090088,693.7463156978263
2012-08-22,338.928925,681.2417331746815
2012-08-23,338.738739,682.1974983312534
2012-08-24,339.65466299999997,679.5160344777548
2012-08-27,334.944946,667.291174507357
2012-08-28,338.963959,678.4016019966915
2012-08-29,344.349335,672.9147401108628
2012-08-30,341.18118300000003,690.1578431088022
2012-08-31,342.887878,668.3894477174449
2012-09-04,340.86087000000003,692.944992309255
2012-09-05,340.700714,678.2183242882434
2012-09-06,350.050049,680.3738688800534
2012-09-07,353.428436,690.127846301187
2012-09-10,350.735748,668.4450764721247
2012-09-11,346.441437,679.5199814261254
2012-09-12,345.785797,676.2969498215167
2012-09-13,353.373383,691.8733261746524
2012-09-14,355.19518999999997,701.0046144469919
2012-09-17,355.34533700000003,687.1886699364425
2012-09-18,359.49951200000004,667.9980961778449
2012-09-19,364.114105,695.2142554488203
2012-09-20,364.424438,690.0487215950315
2012-09-21,367.362366,697.6074527672171
2012-09-24,375.065063,698.9318629015875
2012-09-25,374.954956,699.6933453289607
2012-09-26,377.107117,675.3204283599849
2012-09-27,378.628632,668.5629741416839
2012-09-28,377.627625,695.54928171344
2012-10-01,381.271271,703.0632962823229
2012-10-02,378.873871,702.5349624169254
2012-10-03,381.631622,688.3151754360507
2012-10-04,384.409424,699.2701395942769
2012-10-05,384.209198,713.7924949937603
2012-10-08,379.299286,703.899677859361
2012-10-09,372.417419,702.7215369881301
2012-10-10,372.652649,693.9927910148881
2012-10-11,376.11611899999997,707.3868299619816
2012-10-12,372.747742,691.5628174246162
2012-10-15,370.86087000000003,664.5139158951737
2012-10-16,372.722717,691.8874887540993
2012-10-17,378.123108,719.4918420059785
2012-10-18,347.847839,694.8268508575907
2012-10-19,341.236237,688.8507995472618
2012-10-22,339.674683,658.7343761790057
2012-10-23,340.51550299999997,680.6913428330963
2012-10-24,338.988983,679.1915024523319
2012-10-25,339.219208,647.0583277708448
2012-10-26,337.912903,675.7473953042924
2012-10-31,340.490479,692.0762457555794
2012-11-01,344.13912999999997,691.6286153756856
2012-11-02,344.30429100000003,687.401619409699
2012-11-05,341.82180800000003,687.0702150506428
2012-11-06,341.201202,700.5786226311054
2012-11-07,333.89389,690.4511245900687
2012-11-08,326.471466,681.1893084133848
2012-11-09,331.846832,650.9789476739124
2012-11-12,333.283295,677.1076065821169
2012-11-13,329.85485800000004,683.1152334794091
2012-11-14,326.60159300000004,660.0920799837479
2012-11-15,323.953949,673.6794729663059
2012-11-16,323.91391,671.3947006413791
2012-11-19,334.43945299999996,652.3819252981978
2012-11-20,335.320313,688.0119569318281
2012-11-21,333.26828,678.4221725629045
2012-11-23,334.319305,695.3355428505093
2012-11-26,330.905914,669.8264155324027
2012-11-27,335.690704,665.6455292103201
2012-11-28,342.177185,687.1639666831123
2012-11-29,346.29129,663.4951853034216
2012-11-30,349.534546,666.5514235133645
2012-12-03,347.972961,664.0223583016514
2012-12-04,345.86087000000003,672.0927532867051
2012-12-05,344.254242,673.9663000261195
2012-12-06,345.910919,672.7101488812143
2012-12-07,342.447449,691.4272281394201
2012-12-10,343.05304,669.1983863946368
2012-12-11,348.788788,691.2875990364803
2012-12-12,349.12912,677.0445018428767
2012-12-13,351.70169100000004,679.1255651972023
2012-12-14,351.331329,682.4788460980352
2012-12-17,360.750763,689.7350552862989
2012-12-18,360.89590499999997,694.0478161186406
2012-12-19,360.41540499999996,696.8641263023478
2012-12-20,361.541534,683.6312621528282
2012-12-21,358.173187,692.8439968656586
2012-12-24,355.105103,687.1567228719854
2012-12-26,354.789795,694.849278811272
2012-12-27,353.49850499999997,696.9806309313057
2012-12-28,350.355347,692.2406709812229
2012-12-31,354.044037,678.4205473488696
2013-01-02,361.987,691.592257015991
2013-01-03,362.197205,702.6012711495487
2013-01-04,369.35434,664.4713817221465
2013-01-07,367.74273700000003,695.6687117276606
2013-01-08,367.017029,697.2040746437589
2013-01-09,369.429443,696.8661694285631
2013-01-10,371.111115,687.3765446788751
2013-01-11,370.365356,691.3606872333634
2013-01-14,361.987,691.7304002089561
2013-01-15,362.82782000000003,675.9420495109847
2013-01-16,357.952942,685.9988275241606
2013-01-17,356.016022,692.0898975534725
2013-01-18,352.607605,681.2724729372842
2013-01-22,351.78677400000004,682.7727312302289
2013-01-23,371.121124,673.073593174101
2013-01-24,377.482483,713.0002263690977
2013-01-25,377.212219,653.4453260585658
2013-01-28,375.740753,702.5242824389819
2013-01-29,377.21722400000004,703.3804451925588
2013-01-30,377.292297,698.1483239980265
2013-01-31,378.223236,685.3153089357751
2013-02-01,388.188202,691.7388048872508
2013-02-04,379.88989300000003,707.7275676930667
2013-02-05,383.253265,699.7500885161215
2013-02-06,385.470459,694.6843428040746
2013-02-07,387.362366,697.4493890936529
2013-02-08,393.07806400000004,694.2760890385117
2013-02-11,391.60159300000004,690.8971761906143
2013-02-12,390.740753,708.4710334619961
2013-02-13,391.82180800000003,704.7329483123893
2013-02-14,394.30429100000003,692.7538207040659
2013-02-15,396.841827,705.9672751545404
2013-02-19,403.828827,711.2480599007458
2013-02-20,396.626617,713.2639289549294
2013-02-21,398.163177,689.6663319499667
2013-02-22,400.25524900000005,685.8142032097977
2013-02-25,395.780792,699.9344806570508
2013-02-26,395.46044900000004,692.4520416751313
2013-02-27,400.290283,694.8214644339322
2013-02-28,401.00100699999996,708.0662622979365
2013-03-01,403.49850499999997,699.3631018370723
2013-03-04,411.161163,691.3727602519082
2013-03-05,419.719727,706.8948544562788
2013-03-06,416.10611,706.6101633920539
2013-03-07,416.716705,683.1265635429666
2013-03-08,416.176178,705.9763299184491
2013-03-11,417.82782000000003,715.4936761761036
2013-03-12,414.219208,704.800975128421
2013-03-13,413.068054,709.8329163885422
2013-03-14,411.18118300000003,712.4780683170328
2013-03-15,407.55755600000003,709.8307803929536
2013-03-18,404.299286,708.9817221464434
2013-03-19,406.066071,705.0781437733988
2013-03-20,407.762756,716.8919638970311
2013-03-21,406.036041,702.8665989494152
2013-03-22,405.56054700000004,701.4292596569637
2013-03-25,405.22522000000004,715.7526888585774
2013-03-26,406.616608,712.7696781495778
2013-03-27,401.73172,693.6444379951824
2013-03-28,397.492493,704.7003511623183
2013-04-01,400.996002,723.1154192181559
2013-04-02,406.926941,707.4678120556056
2013-04-03,403.50351,710.0023101256638
2013-04-04,397.932922,683.8544272571611
2013-04-05,391.91693100000003,705.5684011956931
2013-04-08,387.81280499999997,705.9487941492295
2013-04-09,389.214203,706.2390109411731
2013-04-10,395.485474,695.4104420001742
2013-04-11,395.590576,697.2428011724759
2013-04-12,395.42041,694.5388629306092
2013-04-15,391.356354,709.5944742722814
2013-04-16,397.082092,695.8224569753606
2013-04-17,391.671661,710.0066749862146
2013-04-18,383.338348,702.9874684389239
2013-04-19,400.335327,691.5966683112285
2013-04-22,400.455444,694.102376875526
2013-04-23,404.35434,703.1947993150884
2013-04-24,407.132141,698.0881446440491
2013-04-25,404.954956,702.1879560031343
2013-04-26,401.111115,709.0196592854862
2013-04-29,409.93994100000003,691.9794758684737
2013-04-30,412.697693,708.5319093362742
2013-05-01,410.62564100000003,702.9330005514119
2013-05-02,415.220215,701.8916098325449
2013-05-03,423.283295,714.2254055779667
2013-05-06,431.206207,714.9171895405868
2013-05-07,429.044037,698.0273152044578
2013-05-08,437.252258,715.3188960153235
2013-05-09,436.17617800000005,716.6765069506922
2013-05-10,440.555542,701.0070754853875
2013-05-13,439.204193,714.0842441303654
2013-05-14,443.993988,726.1412427083031
2013-05-15,458.403412,716.2029660156137
2013-05-16,452.38739000000004,722.1822213193255
2013-05-17,455.045044,692.7436050729896
2013-05-20,454.719727,727.9143047856749
2013-05-21,453.93893399999996,722.298308036103
2013-05-22,445.155151,706.5470586528137
2013-05-23,441.83682300000004,712.4060481179441
2013-05-24,437.09710700000005,712.6113358678933
2013-05-28,441.07608,717.8045447949619
2013-05-29,434.5896,706.604359056215
2013-05-30,435.81582599999996,707.4049859244856
2013-05-31,436.046051,722.8710334619961
2013-06-03,434.249237,718.3274922367008
2013-06-04,429.97997999999995,698.7096264909887
2013-06-05,430.280273,719.0612531561076
2013-06-06,432.752747,713.3017267899121
2013-06-07,440.30529800000005,697.1729634036625
2013-06-10,445.555542,710.6716196999158
2013-06-11,440.34533700000003,707.4500275705952
2013-06-12,436.426422,697.0083988739589
2013-06-13,438.93893399999996,720.235447078968
2013-06-14,437.957947,715.6107380213019
2013-06-17,443.5685730000001,713.4367588588676
2013-06-18,450.76077300000003,707.2566735351307
2013-06-19,450.7908019999999,720.175360594364
2013-06-20,442.81280499999997,700.263145369591
2013-06-21,440.90591399999994,709.6516353716225
2013-06-24,435.33032199999997,720.8246103839568
2013-06-25,433.53353899999996,711.5170096061759
2013-06-26,437.26226799999995,707.0730243491888
2013-06-27,438.97396900000007,707.3986708070929
2013-06-28,440.62564100000003,720.0102852831064
2013-07-01,444.38439900000003,716.4663435586383
2013-07-02,441.596588,715.2977217981833
2013-07-03,443.65866100000005,701.3568215456946
2013-07-05,447.1922,703.515848739008
2013-07-08,452.997986,717.4291667875904
2013-07-09,453.073059,708.8010912151377
2013-07-10,453.44845599999996,703.5445453753954
2013-07-11,460.58056600000003,719.1159067823664
2013-07-12,461.961975,724.0882723394376
2013-07-15,462.8078,719.138938386975
2013-07-16,460.26525899999996,726.7346780044693
2013-07-17,459.73474100000004,716.0358940128276
2013-07-18,455.795807,706.2358533824768
2013-07-19,448.74874900000003,730.4970020605392
2013-07-22,455.805817,714.0992889688597
2013-07-23,452.352356,728.166538003889
2013-07-24,451.90191699999997,708.225393969295
2013-07-25,444.29428099999996,710.1275444757233
2013-07-26,443.118103,724.1888034361668
2013-07-29,441.57656900000006,726.0966654090606
2013-07-30,445.90591399999994,693.2233682560873
2013-07-31,444.319305,706.0000580433584
2013-08-01,452.562561,716.6675914908436
2013-08-02,453.73873899999995,716.0747598456047
2013-08-05,452.952942,712.7516150564471
2013-08-06,448.73373399999997,711.3109789012392
2013-08-07,445.77078200000005,708.1503555155701
2013-08-08,446.77676399999996,719.8360623385669
2013-08-09,445.65066500000006,715.9293264068259
2013-08-12,443.198212,714.4691876831994
2013-08-13,441.066071,710.0221841715762
2013-08-14,435.34033200000005,721.997550570276
2013-08-15,430.26025400000003,697.8157123371158
2013-08-16,428.883881,716.1248628725658
2013-08-19,433.25827000000004,721.7811649302029
2013-08-20,433.143158,699.4017819311025
2013-08-21,435.10009800000006,699.4210523260875
2013-08-22,437.29229699999996,708.2533940853817
2013-08-23,435.54052699999994,728.5261282177787
2013-08-26,433.62863200000004,712.0393998316742
2013-08-27,425.50048799999996,713.1529500536901
2013-08-28,424.69970700000005,707.1553066140407
2013-08-29,428.143158,723.7754418550658
2013-08-30,423.873871,706.1534318135647
2013-09-03,430.62060499999995,689.3369707171257
2013-09-04,436.25125099999997,716.0000464346867
2013-09-05,440.22021500000005,708.7051107177061
2013-09-06,440.230225,713.216426270424
2013-09-09,444.469482,724.4714513741765
2013-09-10,444.77978499999995,718.9372261079026
2013-09-11,448.54354900000004,725.788942740227
2013-09-12,446.97699000000006,712.1447137011347
2013-09-13,444.97997999999995,708.3295934062745
2013-09-16,444.32430999999997,701.3529674666976
2013-09-17,443.49850499999997,713.1696665409061
2013-09-18,452.112122,714.3899236729837
2013-09-19,449.644653,712.186922831355
2013-09-20,452.007019,711.2872507763299
2013-09-23,443.693695,706.2713294831238
2013-09-24,443.86386100000004,716.1400005804336
2013-09-25,439.05404699999997,712.5896044345126
2013-09-26,439.524536,716.8738543692139
2013-09-27,438.633636,707.8602780276867
2013-09-30,438.393402,715.5523696201062
2013-10-01,443.94393899999994,708.0597150071103
2013-10-02,444.439453,716.6537539542038
2013-10-03,438.48349,709.6174130075166
2013-10-04,436.611603,713.999965173985
2013-10-07,433.30331399999994,714.9748614214818
2013-10-08,427.26226799999995,715.4010854108019
2013-10-09,428.358368,706.242400673303
2013-10-10,434.554565,696.5212990103607
2013-10-11,436.4314269999999,715.1069216704878
2013-10-14,438.4935,705.601044780451
2013-10-15,441.446442,713.1188205589575
2013-10-16,449.46447800000004,719.6782308384363
2013-10-17,444.839844,707.628383202252
2013-10-18,506.211212,701.3333720289056
2013-10-21,502.15216100000004,786.5606640160199
2013-10-22,504.003998,692.6615085468845
2013-10-23,516.221191,719.0956612589605
2013-10-24,513.288269,712.2233740604231
2013-10-25,508.108093,750.008068026816
2013-10-28,508.007996,713.5287924079287
2013-10-29,518.6386110000001,742.0526917607452
2013-10-30,515.725708,709.4251269698465
2013-10-31,515.805786,684.9657486142148
2013-11-01,514.034058,746.780114345416
2013-11-04,513.568542,713.3879095684476
2013-11-05,511.271271,742.9667585686508
2013-11-06,511.88690199999996,714.3467394143426
2013-11-07,504.479492,707.3708099950663
2013-11-08,508.523529,725.3973125925066
2013-11-11,505.800812,754.8274777258612
2013-11-12,506.396393,728.1973242011783
2013-11-13,516.75177,720.7393098644687
2013-11-14,518.133118,713.7222393127666
2013-11-15,517.297302,716.6599297675364
2013-11-18,516.291321,749.8247438836811
2013-11-19,513.113098,746.7131090924921
2013-11-20,511.66665599999993,731.8097106538585
2013-11-21,517.552551,727.0463011869866
2013-11-22,516.461487,743.4061700089967
2013-11-25,523.488464,710.7935571872189
2013-11-26,529.734741,733.7840206634356
2013-11-27,532.087097,739.5822735583481
2013-11-29,530.325317,754.5124648112139
2013-12-02,527.7677610000001,751.3581101082509
2013-12-03,527.157166,744.2602896363584
2013-12-04,529.619629,757.658321966509
2013-12-05,529.1992190000001,706.5949792494994
2013-12-06,535.470459,743.7147285021912
2013-12-09,539.6096190000001,732.1419044025887
2013-12-10,542.8728639999999,734.3878108947383
2013-12-11,539.184204,712.5321182923644
2013-12-12,535.5155030000001,751.3422294453957
2013-12-13,530.9259030000001,715.6079519400993
2013-12-16,537.027039,740.5852163566184
2013-12-17,535.465454,751.3091215137708
2013-12-18,542.917908,731.8545201265346
2013-12-19,543.653625,730.4166236178426
2013-12-20,550.86084,739.4542066923992
2013-12-23,558.1080929999999,723.6968279304641
2013-12-24,556.476501,727.2526569347302
2013-12-26,559.289307,716.7226630292829
2013-12-27,559.759766,735.3961401166672
2013-12-30,555.2852780000001,766.8113881069158
2013-12-31,560.9158940000001,750.6153872943089
2014-01-02,557.117126,749.976910352033
2014-01-03,553.05304,742.8953420204894
2014-01-06,559.219238,731.801584583684
2014-01-07,570.0,745.0763792553037
2014-01-08,571.186157,739.9011405519923
2014-01-09,565.6856690000001,724.6481817917985
2014-01-10,565.6556400000001,717.5422352497316
2014-01-13,562.052063,760.619415503381
2014-01-14,575.2752690000001,727.7623704907566
2014-01-15,574.8848879999999,761.6109818034072
2014-01-16,578.6886599999999,744.6223408886439
2014-01-17,575.84082,749.6864613866559
2014-01-21,582.432434,734.3060394114403
2014-01-22,583.093079,759.2494065066604
2014-01-23,580.630615,716.2472182720492
2014-01-24,562.477478,721.0558551237774
2014-01-27,551.1661379999999,716.1914502133094
2014-01-28,562.067078,729.6125605827553
2014-01-29,554.014038,726.7031488521926
2014-01-30,568.263245,732.1600603650927
2014-01-31,591.07605,730.7928838842615
2014-02-03,567.282288,732.3967843979452
2014-02-04,569.649658,744.9107467278056
2014-02-05,572.17218,753.167576980004
2014-02-06,580.5605469999999,760.0701860289637
2014-02-07,589.3093259999999,720.0610383956815
2014-02-10,587.052063,756.5245726557739
2014-02-11,595.6856690000001,751.4579911193662
2014-02-12,593.938965,748.0056650317788
2014-02-13,600.550537,716.0373799228023
2014-02-14,602.0020139999999,753.4346228632788
2014-02-18,606.046021,764.0416519139798
2014-02-19,601.77179,760.4487215950315
2014-02-20,602.657654,743.623159299997
2014-02-21,602.4974980000001,741.8428069768116
2014-02-24,606.8618769999999,741.6532605856574
2014-02-25,610.610596,741.9736134892765
2014-02-26,610.695679,712.8516818063093
2014-02-27,610.21521,723.2038308616536
2014-02-28,608.433411,745.8507240908959
2014-03-03,601.94696,752.4299619816003
2014-03-04,608.063049,739.7955480744116
2014-03-05,609.739746,750.519778274371
2014-03-06,610.415405,718.9539890298053
2014-03-07,608.0029910000001,772.8187363960878
2014-03-10,606.3914179999999,766.0505093304698
2014-03-11,600.5955809999999,759.6879821226456
2014-03-12,604.254272,766.9193951882056
2014-03-13,595.1251219999999,746.2428185854834
2014-03-14,586.987,745.8306643062367
2014-03-17,596.646667,727.3730156426851
2014-03-18,606.2362059999999,773.453637867487
2014-03-19,600.22522,748.5000551411905
2014-03-20,599.179199,741.0356792524016
2014-03-21,592.112122,739.6609339176365
2014-03-24,579.544556,735.5461705894303
2014-03-25,579.939941,722.405943639899
2014-03-26,566.551575,747.2126998868155
2014-03-27,557.697693,731.2694430739763
2014-03-28,560.63562,751.5768639173463
2014-03-31,557.812805,748.4323533679659
2014-04-01,568.013,702.8773253620454
2014-04-02,568.118103,735.1770148300781
2014-04-03,571.5,743.6959688887599
2014-04-04,545.25,715.0426096293932
2014-04-07,540.630005,728.434187538091
2014-04-08,557.51001,718.0721478944772
2014-04-09,567.039978,766.4181327451606
2014-04-10,546.6900019999999,696.9766375482485
2014-04-11,537.76001,722.9510404271991
2014-04-14,545.200012,721.7848797051397
2014-04-15,548.700012,743.807458571553
2014-04-16,563.900024,711.1000261195113
2014-04-17,543.340027,744.9751516382738
2014-04-21,539.369995,735.3873175261921
2014-04-22,545.5,743.6897002060539
2014-04-23,537.51001,751.3934933395246
2014-04-24,534.4400019999999,722.488040166004
2014-04-25,523.099976,712.8134660591462
2014-04-28,522.97998,725.0391154192182
2014-04-29,536.330017,744.1657486142149
2014-04-30,534.880005,736.3557593522361
2014-05-01,538.530029,720.8021824302754
2014-05-02,533.869995,747.6698029427982
2014-05-05,535.330017,744.4674812084627
2014-05-06,522.570007,754.5865281365179
2014-05-07,518.0,750.7462866761471
2014-05-08,520.169983,733.1402501668747
2014-05-09,526.619995,735.4514438285399
2014-05-12,538.429993,750.5674666976231
2014-05-13,541.539978,735.0269843573149
2014-05-14,534.409973,742.4775691441507
2014-05-15,529.119995,709.9907943233595
2014-05-16,528.299988,733.7006704007894
2014-05-19,538.830017,733.0926081783092
2014-05-20,540.3900150000001,706.9393853208346
2014-05-21,549.700012,726.4520300664597
2014-05-22,555.450012,743.1413994253708
2014-05-23,563.799988,716.6555184722988
2014-05-27,574.869995,736.5360652407348
2014-05-28,570.450012,703.1180427779551
2014-05-29,570.5599980000001,706.4596685724237
2014-05-30,571.650024,741.8911454856778
2014-06-02,564.340027,766.5941202077952
2014-06-03,554.51001,751.1545868763967
2014-06-04,553.76001,743.6044925559393
2014-06-05,564.929993,716.832527498041
2014-06-06,566.030029,743.1266796296834
2014-06-09,570.72998,738.088005339989
2014-06-10,568.299988,765.648524247613
2014-06-11,567.5,759.4528368691413
2014-06-12,559.5,754.601944452506
2014-06-13,560.349976,704.9328960733668
2014-06-16,552.299988,732.8556055373364
2014-06-17,550.619995,736.8564645790406
2014-06-18,560.659973,736.5531996401312
2014-06-19,564.98999,740.2995037292858
2014-06-20,566.52002,736.6247554923527
2014-06-23,574.289978,752.2012711495487
2014-06-24,572.539978,757.3633688365209
2014-06-25,585.929993,749.9464491975506
2014-06-26,584.77002,726.3866500275706
2014-06-27,585.6900019999999,753.7243753083553
2014-06-30,584.669983,747.7602112778245
2014-07-01,591.48999,706.8552921032011
2014-07-02,590.780029,756.0808427895638
2014-07-03,593.080017,720.3212583800099
2014-07-07,590.76001,761.1790463476217
2014-07-08,578.400024,710.3455553298314
2014-07-09,583.3599849999999,724.3209101198595
2014-07-10,580.039978,724.8836056534232
2014-07-11,586.650024,729.4521287401689
2014-07-14,594.26001,717.9770960907798
2014-07-15,593.0599980000001,722.4710450706677
2014-07-16,590.619995,754.73191514061
2014-07-17,580.820007,729.6679571640016
2014-07-18,605.1099849999999,730.1460951330644
2014-07-21,598.4400019999999,751.6941115012914
2014-07-22,603.570007,741.6436021708216
2014-07-23,605.1900019999999,722.3148387845721
2014-07-24,603.01001,711.0498302231767
2014-07-25,598.080017,718.8546188002438
2014-07-28,599.02002,761.9065385843224
2014-07-29,593.950012,742.943587659982
2014-07-30,595.4400019999999,736.8588791827495
2014-07-31,579.549988,744.3886351104275
2014-08-01,573.599976,731.8843776300897
2014-08-04,582.27002,722.8113184548858
2014-08-05,573.1400150000001,755.0152595989204
2014-08-06,574.48999,724.6452564065357
2014-08-07,571.8099980000001,724.3383695620629
2014-08-08,577.9400019999999,723.4528600864846
2014-08-11,577.25,728.3069100618162
2014-08-12,572.119995,719.8885335345503
2014-08-13,584.5599980000001,747.7636474446412
2014-08-14,584.650024,751.0980758626694
2014-08-15,583.710022,713.6352207098703
2014-08-18,592.700012,745.6239835156862
2014-08-19,597.1099849999999,774.2110804771164
2014-08-20,595.409973,727.2117015410512
2014-08-21,592.419983,751.7415677511101
2014-08-22,592.539978,762.4473169457585
2014-08-25,590.570007,747.756589372261
2014-08-26,588.119995,707.1694227588008
2014-08-27,583.0,747.3648199204806
2014-08-28,580.320007,742.772800882259
2014-08-29,582.3599849999999,768.8037612096236
2014-09-02,588.630005,761.233932147314
2014-09-03,589.52002,755.2816553965813
2014-09-04,593.1400150000001,739.2997649243986
2014-09-05,597.780029,708.0289752445076
2014-09-08,601.630005,758.0463302086658
2014-09-09,591.969971,753.3858664422323
2014-09-10,593.419983,727.6532954116725
2014-09-11,591.1099849999999,754.694488783121
2014-09-12,584.900024,747.2498012014975
2014-09-15,581.6400150000001,738.549566125896
2014-09-16,588.780029,762.8937400237978
2014-09-17,593.289978,732.4476768145805
2014-09-18,597.27002,733.1155933482311
2014-09-19,605.400024,737.6943320660533
2014-09-22,597.27002,719.2506602432017
2014-09-23,591.179993,766.2410772847317
2014-09-24,598.419983,735.6729837188379
2014-09-25,585.25,717.0763560379604
2014-09-26,587.900024,764.5719824709058
2014-09-29,587.8099980000001,736.609942827292
2014-09-30,588.409973,714.7776533070204
2014-10-01,579.630005,710.9238529181298
2014-10-02,580.880005,717.091354441768
2014-10-03,586.25,761.2580781844038
2014-10-06,587.780029,723.6222538236062
2014-10-07,574.099976,691.8067852685956
2014-10-08,583.73999,737.0926778303393
2014-10-09,570.8099980000001,740.3454740691296
2014-10-10,555.1900019999999,713.3706822996778
2014-10-13,544.75,691.6845691731723
2014-10-14,548.6900019999999,762.2948254345996
2014-10-15,540.72998,735.4415532402705
2014-10-16,536.919983,736.9845314449894
2014-10-17,522.969971,757.7649824418841
2014-10-20,532.380005,705.9205618597092
2014-10-21,538.030029,719.8568186435267
2014-10-22,542.6900019999999,736.8457381664103
2014-10-23,553.650024,702.5772644165191
2014-10-24,548.900024,732.3506283193545
2014-10-27,549.880005,736.0540267579883
2014-10-28,558.9400019999999,744.3155469135444
2014-10-29,558.450012,732.3127840496851
2014-10-30,560.27002,715.3820007545637
2014-10-31,567.869995,759.4611951127492
2014-11-03,563.77002,738.9274051716633
2014-11-04,564.1900019999999,748.4216269553357
2014-11-05,555.950012,765.4699828772093
2014-11-06,551.6900019999999,742.3518240125373
2014-11-07,551.820007,732.5982645035842
2014-11-10,558.22998,764.0250282961372
2014-11-11,561.289978,706.2647357576109
2014-11-12,558.25,723.4064718344604
2014-11-13,556.4400019999999,727.3089822097106
2014-11-14,555.1900019999999,718.1225759642452
2014-11-17,546.6400150000001,751.9111936616653
2014-11-18,544.51001,748.668659488638
2014-11-19,547.200012,746.9242476129668
2014-11-20,543.76001,748.3492352787532
2014-11-21,545.8900150000001,708.2035232318542
2014-11-24,547.47998,740.0128624082189
2014-11-25,549.22998,725.3012856603883
2014-11-26,547.72998,733.3083437327683
2014-11-28,549.080017,737.0313376091941
2014-12-01,539.650024,718.4447398206461
2014-12-02,538.590027,751.8782250341005
2014-12-03,536.969971,736.3800911280726
2014-12-04,542.580017,747.0400092869373
2014-12-05,528.080017,703.2465739907711
2014-12-08,530.72998,734.113149722843
2014-12-09,536.1099849999999,727.0326493890936
2014-12-10,528.039978,714.7481672809589
2014-12-11,532.1099849999999,726.0948544562789
2014-12-12,521.51001,750.6380009867371
2014-12-15,515.840027,724.0673302957309
2014-12-16,498.160004,729.8077255710016
2014-12-17,506.450012,713.519273297153
2014-12-18,514.619995,719.2396552224511
2014-12-19,520.039978,729.0524653916476
2014-12-22,532.299988,737.8692515308936
2014-12-23,538.77002,740.4166584438576
2014-12-24,536.929993,727.7181646690077
2014-12-26,541.52002,747.2157645761383
2014-12-29,537.3099980000001,704.39128188757
2014-12-30,535.280029,738.8450764721247
2014-12-31,530.659973,692.7259598920393
2015-01-02,529.549988,725.3296572539687
2015-01-05,519.460022,723.3185709725165
2015-01-06,506.64001500000006,734.0954581072061
2015-01-07,505.14999400000005,736.606088748295
2015-01-08,506.910004,718.2514322198682
2015-01-09,500.72000099999997,730.1603970165713
2015-01-12,497.05999800000006,738.5208694895086
2015-01-13,501.799988,720.8106335432568
2015-01-14,505.92999299999997,732.5768116783237
2015-01-15,504.01000999999997,713.3209507502104
2015-01-16,510.459991,709.5472501958964
2015-01-20,509.94000199999994,741.7995762834838
2015-01-21,520.3900150000001,721.9872420698262
2015-01-22,537.299988,740.3135734393592
2015-01-23,541.950012,717.4436544098442
2015-01-26,536.719971,706.2871172766056
2015-01-27,521.1900019999999,738.9244333517137
2015-01-28,512.429993,746.4969091911659
2015-01-29,513.22998,719.4011086281453
2015-01-30,537.549988,726.9036538294106
2015-02-02,532.200012,735.258647009316
2015-02-03,533.299988,717.0885219258786
2015-02-04,526.099976,742.6995269466291
2015-02-05,529.830017,738.4279072467133
2015-02-06,533.880005,725.7859244855907
2015-02-09,529.280029,731.1989087848623
2015-02-10,540.159973,741.2029369939345
2015-02-11,538.0,746.5740372057927
2015-02-12,546.01001,725.2418492613982
2015-02-13,551.159973,746.107925820588
2015-02-17,545.01001,736.3894245001015
2015-02-18,542.650024,713.7482891720115
2015-02-19,546.450012,733.5941492294744
2015-02-20,541.799988,750.4109818034071
2015-02-23,535.0,719.4915169631715
2015-02-24,538.650024,746.7383695620629
2015-02-25,547.330017,728.4352091011986
2015-02-26,559.289978,724.5696607365702
2015-02-27,562.630005,737.0580839887396
2015-03-02,575.02002,732.5230403111124
2015-03-03,578.789978,694.9342542879531
2015-03-04,578.330017,747.5748440084743
2015-03-05,581.429993,722.8078358533825
2015-03-06,572.900024,756.4995907943234
2015-03-09,574.099976,736.69171431059
2015-03-10,559.849976,743.5030792001626
2015-03-11,555.6900019999999,755.8300954813245
2015-03-12,561.169983,740.5803871492004
2015-03-13,553.0,757.0351684708477
2015-03-16,561.6400150000001,712.8020431262153
2015-03-17,557.6099849999999,718.4559305801433
2015-03-18,566.159973,739.6201178280176
2015-03-19,563.669983,715.5617029921351
2015-03-20,564.950012,706.8200481759875
2015-03-23,565.369995,755.2481295527759
2015-03-24,577.539978,704.5181414516644
2015-03-25,567.0,742.0154975766898
2015-03-26,563.6400150000001,726.5372377165743
2015-03-27,557.549988,742.0825492643004
2015-03-30,561.1400150000001,754.5790985866442
2015-03-31,554.700012,718.2043938822301
2015-04-01,549.48999,735.9160693037699
2015-04-02,541.3099980000001,716.8837449574833
2015-04-06,543.950012,730.3738572713817
2015-04-07,544.8599849999999,723.4021069739096
2015-04-08,548.840027,746.6324520416752
2015-04-09,548.02002,741.108395971791
2015-04-10,548.539978,747.8411933714485
2015-04-13,548.6400150000001,730.2849348463302
2015-04-14,539.780029,736.1886409147634
2015-04-15,541.039978,724.5332559421888
2015-04-16,543.52002,746.9000087065037
2015-04-17,532.73999,738.8159154888701
2015-04-20,544.530029,741.570931886119
2015-04-21,542.919983,764.318588385524
2015-04-22,549.179993,739.5607278637142
2015-04-23,557.460022,711.1111704443219
2015-04-24,573.659973,726.6075398322547
2015-04-27,566.119995,728.2938154801636
2015-04-28,564.369995,729.2451229068114
2015-04-29,561.3900150000001,777.2150332298227
2015-04-30,548.77002,721.9659285486258
2015-05-01,551.159973,745.3202542299098
2015-05-04,552.840027,749.4685434019212
2015-05-05,543.039978,720.9765446788751
2015-05-06,535.080017,740.2714571785124
2015-05-07,542.039978,736.940743535421
2015-05-08,548.950012,753.5541921815596
2015-05-11,545.780029,738.7186348202107
2015-05-12,538.72998,745.0694604869838
2015-05-13,539.48999,729.9628174246162
2015-05-14,549.200012,734.9725164698029
2015-05-15,546.48999,706.8552921032011
2015-05-18,546.669983,705.4867225817686
2015-05-19,549.280029,742.7918855384972
2015-05-20,552.51001,734.4936355457527
2015-05-21,556.8099980000001,723.5506979713846
2015-05-22,554.52002,728.2381402907972
2015-05-26,547.1900019999999,751.1532867051687
2015-05-27,554.25,730.4113300635574
2015-05-28,554.179993,735.43407725571
2015-05-29,545.320007,743.3744551179731
2015-06-01,549.210022,734.4247264706736
2015-06-02,553.950012,742.3045070667789
2015-06-03,555.289978,743.5096729256754
2015-06-04,551.6900019999999,715.3038976115158
2015-06-05,549.530029,713.4191136779174
2015-06-08,543.47998,712.7606233856691
2015-06-09,542.159973,738.3426531619119
2015-06-10,552.599976,726.6124154743593
2015-06-11,550.039978,739.886095713498
2015-06-12,547.469971,737.4385233769626
2015-06-15,543.0,745.9497228429636
2015-06-16,544.869995,724.3770032214064
2015-06-17,546.599976,744.5716806454421
2015-06-18,556.179993,716.5908349537104
2015-06-19,557.52002,715.247154424355
2015-06-22,559.679993,726.0418260440549
2015-06-23,563.3900150000001,747.7020750500624
2015-06-24,558.570007,695.2006500856139
2015-06-25,557.950012,736.3057491946485
2015-06-26,553.0599980000001,743.9879501987986
2015-06-29,541.25,728.7456714165481
2015-06-30,540.039978,737.0824157645761
2015-07-01,543.299988,736.3013378994109
2015-07-02,547.340027,751.1624343384508
2015-07-06,545.619995,732.043369997388
2015-07-07,550.030029,755.5143396116899
2015-07-08,541.700012,762.4764314943262
2015-07-09,544.650024,701.2175174855618
2015-07-10,556.1099849999999,715.616820965261
2015-07-13,571.72998,705.3696143018835
2015-07-14,584.179993,758.6256029253852
2015-07-15,583.960022,746.9767188089503
2015-07-16,601.780029,756.0188989174914
2015-07-17,699.619995,756.0064544214529
2015-07-20,692.840027,735.0129146472415
2015-07-21,695.349976,714.4591577908698
2015-07-22,695.099976,762.1848680964681
2015-07-23,674.72998,740.592831645239
2015-07-24,654.77002,703.7320022056476
2015-07-27,658.27002,799.3911716051891
2015-07-28,659.659973,734.6758916910933
2015-07-29,661.429993,725.8414139362103
2015-07-30,664.5599980000001,735.6846852598892
2015-07-31,657.5,753.70129726906
2015-08-03,664.719971,758.4236584728792
2015-08-04,661.280029,710.489735032069
2015-08-05,673.289978,762.2254520126535
2015-08-06,670.150024,705.4071335287459
2015-08-07,664.3900150000001,733.6029718199495
2015-08-10,663.1400150000001,798.1616275357692
2015-08-11,690.299988,768.6917607452767
2015-08-12,691.469971,699.0986562962534
2015-08-13,686.51001,779.8762051252286
2015-08-14,689.369995,738.1080186899615
2015-08-17,694.1099849999999,761.8901935746002
2015-08-18,688.72998,723.116858693444
2015-08-19,694.039978,752.2178483327045
2015-08-20,679.47998,754.1528281626374
2015-08-21,644.030029,768.7902487157907
2015-08-24,618.1099849999999,752.2885219258786
2015-08-25,612.469971,772.1070319528687
2015-08-26,659.73999,736.0225440403982
2015-08-27,667.960022,706.7339582668253
2015-08-28,659.6900019999999,763.9402849928897
2015-08-31,647.820007,804.4356037960356
2015-09-01,629.5599980000001,758.3026032446237
2015-09-02,644.909973,821.9854543343878
2015-09-03,637.049988,732.8370780973387
2015-09-04,628.960022,732.1526308152189
2015-09-08,643.880005,785.0279478770642
2015-09-09,643.409973,720.940093449807
2015-09-10,651.080017,720.5386655831907
2015-09-11,655.299988,756.1054531735206
2015-09-14,652.469971,769.8402298516992
2015-09-15,665.070007,743.0340888643817
2015-09-16,665.52002,696.1138810691587
2015-09-17,671.669983,718.5218678352729
2015-09-18,660.919983,790.5034332646487
2015-09-21,666.97998,742.0653219955307
2015-09-22,653.200012,788.0795890530226
2015-09-23,653.289978,744.7091737527934
2015-09-24,654.909973,791.5621905563456
2015-09-25,640.150024,736.1114664654497
2015-09-28,624.25,735.9193197318397
2015-09-29,622.6099849999999,774.8837333488116
2015-09-30,638.369995,721.3435644426387
2015-10-01,642.0,762.2286095713498
2015-10-02,656.98999,740.249818614505
2015-10-05,671.679993,771.060951330644
2015-10-06,671.6400150000001,709.6947267608904
2015-10-07,670.0,708.8365208810982
2015-10-08,667.0,775.7958498998752
2015-10-09,671.23999,741.0019676698494
2015-10-12,676.429993,772.6453957105958
2015-10-13,683.169983,772.543192965145
2015-10-14,680.409973,758.3382650840177
2015-10-15,693.02002,782.3312534463244
2015-10-16,695.320007,719.1205502510376
2015-10-19,699.950012,758.3973764402008
2015-10-20,680.0,730.6555300809705
2015-10-21,671.799988,700.4706619845024
2015-10-22,681.1400150000001,755.4552746901936
2015-10-23,719.330017,745.5069216704878
2015-10-26,731.119995,756.4340250166874
2015-10-27,732.820007,774.3499666250689
2015-10-28,736.919983,754.4763850596396
2015-10-29,744.849976,774.5696955625853
2015-10-30,737.3900150000001,784.3361174797574
2015-11-02,747.73999,819.8509446556578
2015-11-03,748.820007,774.7163827379052
2015-11-04,755.3099980000001,790.6790492497896
2015-11-05,760.669983,793.4102446527556
2015-11-06,761.599976,816.3382999100328
2015-11-09,754.77002,757.4907391821691
2015-11-10,758.26001,757.451873349392
2015-11-11,765.25,797.9463098934905
2015-11-12,756.530029,773.0154801636822
2015-11-13,740.070007,700.7185767768523
2015-11-16,750.419983,820.3872188524828
2015-11-17,745.97998,705.5421655977015
2015-11-18,760.01001,787.9127027889833
2015-11-19,759.9400019999999,775.8202281103985
2015-11-20,777.0,799.2547929303189
2015-11-23,776.700012,749.6987201439475
2015-11-24,769.630005,741.2374379661608
2015-11-25,769.26001,776.5186986679049
2015-11-27,771.969971,775.5610761238645
2015-11-30,762.849976,817.1798357372958
2015-12-01,783.789978,823.4493078329513
2015-12-02,777.849976,794.630873262327
2015-12-03,768.200012,783.2572075340279
2015-12-04,779.210022,834.8227878225034
2015-12-07,772.98999,793.4379661607221
2015-12-08,775.1400150000001,815.5169167368024
2015-12-09,762.549988,834.790887192733
2015-12-10,760.039978,817.0726180456801
2015-12-11,750.419983,800.0954464985344
2015-12-14,762.539978,745.6403749600952
2015-12-15,760.090027,777.5508488841165
2015-12-16,776.590027,743.9393330818122
2015-12-17,769.830017,769.7169457584815
2015-12-18,756.849976,770.789912064312
2015-12-21,760.799988,824.6802913776592
2015-12-22,767.130005,786.4239138636561
2015-12-23,768.51001,807.9131903531938
2015-12-24,765.840027,795.4162695533563
2015-12-28,782.23999,761.405694053458
2015-12-29,793.960022,816.9078677772296
2015-12-30,790.299988,831.8102446527556
2015-12-31,778.01001,841.9275270627159
2016-01-04,759.4400019999999,756.1257451316134
2016-01-05,761.530029,814.9376904547697
2016-01-06,759.330017,805.0041501001248
2016-01-07,741.0,742.1761615927097
2016-01-08,730.909973,813.3720985576225
2016-01-11,733.070007,751.4477754882897
2016-01-12,745.340027,732.0287430710741
2016-01-13,719.570007,820.1132077662013
2016-01-14,731.3900150000001,722.3941492294745
2016-01-15,710.48999,746.7027077226688
2016-01-19,719.080017,738.1062077371797
2016-01-20,718.5599980000001,773.5003047276315
2016-01-21,726.669983,741.9480279768987
2016-01-22,745.460022,793.8548567780132
2016-01-25,733.619995,743.4347737760107
2016-01-26,733.789978,735.1593696491279
2016-01-27,717.580017,809.9480511942421
2016-01-28,748.299988,722.5134863743216
2016-01-29,761.349976,784.0243085584932
2016-02-01,770.77002,801.1230461154482
2016-02-02,780.909973,793.9571988275242
2016-02-03,749.380005,737.4094088283948
2016-02-04,730.030029,788.1952578576196
2016-02-05,703.76001,762.5339640711611
2016-02-08,704.159973,763.0485532692921
2016-02-09,701.02002,799.4544156484894
2016-02-10,706.849976,760.9543488986272
2016-02-11,706.3599849999999,754.3469715877761
2016-02-12,706.8900150000001,781.4317671300462
2016-02-16,717.6400150000001,809.8787242069826
2016-02-17,731.969971,707.5351423513365
2016-02-18,717.51001,692.9875729169689
2016-02-19,722.1099849999999,747.3476855210843
2016-02-22,729.049988,799.0721653074847
2016-02-23,717.289978,779.0997707287344
2016-02-24,720.900024,781.7728299039383
2016-02-25,729.119995,701.6693269872595
2016-02-26,724.8599849999999,764.1929825579708
2016-02-29,717.219971,769.3619525785762
2016-03-01,742.169983,807.3872710915053
2016-03-02,739.47998,808.4122239312767
2016-03-03,731.590027,781.0670226659314
2016-03-04,730.219971,817.9022665931451
2016-03-07,712.799988,780.6101517833822
2016-03-08,713.530029,769.4080157877935
2016-03-09,725.409973,761.734544504745
2016-03-10,732.169983,749.9564790898802
2016-03-11,744.869995,779.9722784920335
2016-03-14,750.23999,791.50043242302
2016-03-15,750.570007,802.5187799286067
2016-03-16,757.3599849999999,772.8114461502743
2016-03-17,758.47998,821.3588182372232
2016-03-18,755.409973,769.4795716400151
2016-03-21,762.159973,767.1347128304843
2016-03-22,760.049988,775.6168906172911
2016-03-23,757.5599980000001,774.0922076791363
2016-03-24,754.840027,738.6007371506515
2016-03-28,753.280029,822.006628551528
2016-03-29,765.8900150000001,787.3306439910614
2016-03-30,768.340027,713.2528774994921
2016-03-31,762.900024,804.2984357314914
2016-04-01,769.669983,821.4371999883913
2016-04-04,765.119995,807.082891720115
2016-04-05,758.570007,824.7617842528368
2016-04-06,768.070007,793.115198653394
2016-04-07,760.119995,726.856522622399
2016-04-08,759.469971,806.1221116173782
2016-04-11,757.539978,725.4196476768146
2016-04-12,764.320007,815.6649040833503
2016-04-13,771.909973,751.8921090054271
2016-04-14,775.3900150000001,805.5639202484256
2016-04-15,780.0,803.6383202252082
2016-04-18,787.679993,809.1516034477755
2016-04-19,776.25,811.1974228748876
2016-04-20,774.919983,800.736059436399
2016-04-21,780.0,790.4794729663058
2016-04-22,737.77002,737.0747076065821
2016-04-25,742.210022,820.52406187422
2016-04-26,725.369995,797.9236962010622
2016-04-27,721.460022,753.2915111588356
2016-04-28,705.0599980000001,757.9440810285283
2016-04-29,707.880005,799.7378529761733
2016-05-02,714.409973,740.8106103259134
2016-05-03,708.4400019999999,794.5248628725658
2016-05-04,711.369995,777.97730504687
2016-05-05,714.710022,804.6326261717503
2016-05-06,725.179993,785.8694837043271
2016-05-09,729.130005,747.7900687813797
2016-05-10,739.380005,787.468229967786
2016-05-11,730.549988,775.0628783701425
2016-05-12,728.070007,774.8678526859564
2016-05-13,724.830017,775.7097599907131
2016-05-16,730.299988,766.637211597063
2016-05-17,720.1900019999999,783.7252227413878
2016-05-18,721.780029,783.8250573178165
2016-05-19,715.3099980000001,817.8328003018255
2016-05-20,721.710022,748.6404736338045
2016-05-23,717.25,810.0916736802392
2016-05-24,733.030029,769.7806541486491
2016-05-25,738.099976,784.0859738224453
2016-05-26,736.929993,743.3371216298575
2016-05-27,747.599976,776.5220419653481
2016-05-31,748.849976,793.3539658124619
2016-06-01,748.460022,711.8276112255855
2016-06-02,744.27002,822.6845749775082
2016-06-03,735.8599849999999,802.3772470035116
2016-06-06,730.0599980000001,772.8078242447108
2016-06-07,731.090027,784.4922308964797
2016-06-08,742.929993,797.5054125431698
2016-06-09,742.52002,741.8279014423774
2016-06-10,733.1900019999999,801.6454827756334
2016-06-13,731.880005,732.9771715471458
2016-06-14,733.25,707.7378761935165
2016-06-15,732.1900019999999,753.9382534753461
2016-06-16,724.25,739.0963345619177
2016-06-17,704.25,715.049064050846
2016-06-20,706.130005,746.6633775430247
2016-06-21,708.880005,786.045424732275
2016-06-22,710.469971,710.4188292654613
2016-06-23,714.869995,788.989012392257
2016-06-24,685.200012,711.5435238122877
2016-06-27,681.1400150000001,791.0323243462867
2016-06-28,691.26001,808.4444031691673
2016-06-29,695.1900019999999,724.0393301796441
2016-06-30,703.530029,774.6608468525989
2016-07-01,710.25,749.283826218185
2016-07-05,704.8900150000001,751.7980323301506
2016-07-06,708.969971,773.5999071306265
2016-07-07,707.26001,805.9356763502336
2016-07-08,717.780029,754.454932234379
2016-07-11,727.200012,774.3198305133935
2016-07-12,732.51001,786.1777635894013
2016-07-13,729.47998,755.7063006065531
2016-07-14,735.799988,775.0401253736541
2016-07-15,735.630005,790.7097890123922
2016-07-18,753.200012,803.1651507676235
2016-07-19,753.409973,767.3265809559741
2016-07-20,757.080017,795.8027454508518
2016-07-21,754.409973,796.4325391067127
2016-07-22,759.280029,779.4219810198218
2016-07-25,757.52002,718.9267783033927
2016-07-26,757.650024,809.2062570740343
2016-07-27,761.969971,766.1715181240387
2016-07-28,765.840027,790.1726789912065
2016-07-29,791.340027,788.59747511391
2016-08-01,800.9400019999999,815.4255332733552
2016-08-02,800.119995,826.1215311837943
2016-08-03,798.919983,771.9380096932408
2016-08-04,797.25,809.9409002524886
2016-08-05,806.929993,837.4100821313522
2016-08-08,805.22998,852.9956525524567
2016-08-09,807.47998,815.8199959369649
2016-08-10,808.48999,853.53364483269
2016-08-11,808.200012,855.9339930928403
2016-08-12,807.049988,798.2003540644862
2016-08-15,805.960022,791.7861450503526
2016-08-16,801.1900019999999,834.4286966363874
2016-08-17,805.419983,837.783463447195
2016-08-18,802.75,802.6487506167107
2016-08-19,799.650024,796.8345706242563
2016-08-22,796.950012,818.651258089793
2016-08-23,796.590027,768.8429520852077
2016-08-24,793.599976,805.5754824854166
2016-08-25,791.299988,787.5531590097803
2016-08-26,793.219971,821.9620976869721
2016-08-29,795.820007,802.5654467887512
2016-08-30,791.919983,840.7667063296283
2016-08-31,789.849976,797.1316133151464
2016-09-01,791.400024,756.8484081608962
2016-09-02,796.869995,786.0322372812491
2016-09-06,808.02002,787.0314188698958
2016-09-07,807.98999,794.8784165771832
2016-09-08,802.840027,821.0230954523029
2016-09-09,788.47998,815.8150738601736
2016-09-12,798.820007,839.7571233711583
2016-09-13,788.719971,736.3557129175495
2016-09-14,790.460022,761.8468235772121
2016-09-15,801.22998,842.9127782453493
2016-09-16,797.969971,805.2704530284122
2016-09-19,795.3900150000001,784.4635342600923
2016-09-20,799.780029,839.778529761732
2016-09-21,805.030029,783.8404736338044
2016-09-22,815.950012,766.6135299068404
2016-09-23,814.960022,859.1567925240155
2016-09-26,802.650024,789.1731259250661
2016-09-27,810.72998,745.0890094900891
2016-09-28,810.0599980000001,827.1179731259251
2016-09-29,802.6400150000001,768.1967669849378
2016-09-30,804.0599980000001,845.3080186899614
2016-10-03,800.380005,822.9317932495575
2016-10-04,802.789978,845.3768813303537
2016-10-05,801.22998,797.2169138346345
2016-10-06,803.080017,817.3475113910091
2016-10-07,800.710022,797.6682589894651
2016-10-10,814.169983,815.5267608903852
2016-10-11,809.570007,799.1286298865252
2016-10-12,811.77002,824.3885886757408
2016-10-13,804.080017,805.5779435238123
2016-10-14,804.599976,739.2540267579882
2016-10-17,806.840027,750.6038714920045
2016-10-18,821.48999,841.5571175668224
2016-10-19,826.840027,831.7245726557738
2016-10-20,821.630005,849.2109934120788
2016-10-21,824.0599980000001,726.8751893664568
2016-10-24,835.73999,819.7543140726123
2016-10-25,828.549988,781.7696723452419
2016-10-26,822.099976,854.8654380822475
2016-10-27,817.349976,770.1190237107119
2016-10-28,819.5599980000001,762.1878863511042
2016-10-31,809.900024,852.9226107902604
2016-11-01,805.47998,796.0213135212003
2016-11-02,788.419983,802.404179121804
2016-11-03,782.1900019999999,843.0046260556636
2016-11-04,781.099976,850.6031053196738
2016-11-07,802.030029,785.7564616768726
2016-11-08,811.97998,781.7612212322605
2016-11-09,805.590027,764.5734683808805
2016-11-10,780.289978,854.2934091766549
2016-11-11,771.75,774.1022840061526
2016-11-14,753.219971,777.9321240967002
2016-11-15,775.159973,805.6689090750791
2016-11-16,779.97998,770.1913689526076
2016-11-17,786.159973,822.7476797167484
2016-11-18,775.969971,841.2863569086107
2016-11-21,784.799988,815.6257596424529
2016-11-22,785.0,754.0691064224976
2016-11-23,779.0,831.4842731520446
2016-11-25,780.22998,826.4340366253591
2016-11-28,785.789978,795.1240096351975
2016-11-29,789.4400019999999,734.4191543082683
2016-11-30,775.880005,846.698598252895
2016-12-01,764.330017,796.4173549641582
2016-12-02,764.460022,770.3400063847694
2016-12-05,778.219971,834.1743274225847
2016-12-06,776.179993,807.3050352613402
2016-12-07,791.469971,823.2164843137824
2016-12-08,795.169983,770.4585077052558
2016-12-09,809.450012,816.5546855501059
2016-12-12,807.900024,733.5766433525844
2016-12-13,815.340027,855.4802333343007
2016-12-14,817.8900150000001,782.0794845749775
2016-12-15,815.650024,825.6309487186928
2016-12-16,809.840027,818.4208491743332
2016-12-19,812.5,823.9311141422643
2016-12-20,815.200012,839.4036161012276
2016-12-21,812.200012,791.8359230345068
2016-12-22,809.679993,775.157744435093
2016-12-23,807.799988,775.6620715674609
2016-12-27,809.929993,850.243515105784
2016-12-28,804.570007,725.998595350727
2016-12-29,802.880005,779.653782975883
2016-12-30,792.450012,777.2511594160839
2017-01-03,808.01001,840.1105842064022
2017-01-04,807.77002,819.8298168732043
2017-01-05,813.02002,826.1703340395276
2017-01-06,825.210022,855.3482195199814
2017-01-09,827.179993,863.0368285108976
2017-01-10,826.01001,808.208607830049
2017-01-11,829.8599849999999,834.8057927271672
2017-01-12,829.530029,863.5651623762951
2017-01-13,830.9400019999999,812.7923614940361
2017-01-17,827.460022,815.0999796848246
2017-01-18,829.02002,844.8203616101227
2017-01-19,824.369995,828.8205937835563
2017-01-20,828.169983,853.1250660243202
2017-01-23,844.429993,783.0225266273907
2017-01-24,849.5300289999999,829.8551121687901
2017-01-25,858.4500119999999,841.8025713207766
2017-01-26,856.9799800000001,830.1206721420901
2017-01-27,845.0300289999999,816.4900484662043
2017-01-30,823.830017,797.7459906550193
2017-01-31,820.1900019999999,815.6827350030472
2017-02-01,815.23999,843.7776242853412
2017-02-02,818.26001,761.0520939141538
2017-02-03,820.130005,864.8229851699219
2017-02-06,821.619995,809.750610906347
2017-02-07,829.22998,741.6312041094698
2017-02-08,829.880005,869.2803900513684
2017-02-09,830.0599980000001,860.5310735119134
2017-02-10,834.849976,810.5973474185216
2017-02-13,838.9600220000001,861.9851757262675
2017-02-14,840.0300289999999,841.1586615201555
2017-02-15,837.320007,842.5065676060017
2017-02-16,842.169983,884.0384479205967
2017-02-17,846.5499880000001,885.6137911019532
2017-02-21,849.2700199999999,829.4125431697478
2017-02-22,851.3599849999999,828.4006384769423
2017-02-23,851.0,851.0673593174101
2017-02-24,847.8099980000001,882.1524102504571
2017-02-27,849.669983,834.1294250805352
2017-02-28,844.929993,879.0740226949531
2017-03-01,856.75,830.9689409989262
2017-03-02,849.849976,886.7081173636707
2017-03-03,849.080017,773.3251530893577
2017-03-06,847.2700199999999,821.841460370897
2017-03-07,851.150024,798.4293699393447
2017-03-08,853.6400150000001,877.3037931334707
2017-03-09,857.840027,789.4723974809183
2017-03-10,861.409973,820.6499463098935
2017-03-13,864.580017,843.3309690338683
2017-03-14,865.909973,849.4415880662855
2017-03-15,868.3900150000001,890.9371564558726
2017-03-16,870.0,866.7043793713905
2017-03-17,872.3699949999999,911.0501088312969
2017-03-20,867.909973,859.44459471225
2017-03-21,850.1400150000001,844.0702556809937
2017-03-22,849.7999880000001,808.1490785616855
2017-03-23,839.650024,836.7196447746467
2017-03-24,835.1400150000001,738.7515105784021
2017-03-27,838.51001,789.4829381548017
2017-03-28,840.6300050000001,821.388257828598
2017-03-29,849.8699949999999,816.9242592216385
2017-03-30,849.4799800000001,829.2706852018458
2017-03-31,847.7999880000001,823.0610674173607
2017-04-03,856.75,894.6885683605653
2017-04-04,852.570007,900.6488318774125
2017-04-05,848.909973,834.7064689322924
2017-04-06,845.099976,874.1702411701541
2017-04-07,842.099976,865.1094871869286
2017-04-10,841.7000119999999,833.1388803436167
2017-04-11,839.8800050000001,826.2524305656325
2017-04-12,841.4600220000001,879.5725919261688
2017-04-13,840.179993,835.411997562179
2017-04-17,855.1300050000001,796.0444844298692
2017-04-18,853.98999,851.1496415822619
2017-04-19,856.51001,879.9309748382042
2017-04-20,860.080017,840.5539890298053
2017-04-21,858.9500119999999,824.4691528571843
2017-04-24,878.929993,858.4404446121252
2017-04-25,888.840027,776.500867748208
2017-04-26,889.1400150000001,860.4765591897147
2017-04-27,891.4400019999999,934.9323040311112
2017-04-28,924.5200199999999,855.6092753286705
2017-05-01,932.820007,880.2724090895899
2017-05-02,937.090027,870.8837333488116
2017-05-03,948.4500119999999,887.5862437240619
2017-05-04,954.7199710000001,907.2481759874627
2017-05-05,950.2800289999999,897.0637025858316
2017-05-08,958.6900019999999,867.6099950663146
2017-05-09,956.7100220000001,849.9665321995531
2017-05-10,954.840027,976.679176945178
2017-05-11,955.8900150000001,905.9003163363033
2017-05-12,955.1400150000001,964.1861566590243
2017-05-15,959.2199710000001,967.1485503671242
2017-05-16,964.6099849999999,1018.1925762544621
2017-05-17,942.169983,922.5773340685492
2017-05-18,950.5,846.8052122935833
2017-05-19,954.650024,854.4484545955829
2017-05-22,964.070007,800.4047015120295
2017-05-23,970.5499880000001,982.2349014713991
2017-05-24,977.6099849999999,930.0265258147837
2017-05-25,991.8599849999999,1002.5366572829904
2017-05-26,993.2700199999999,892.4579853150303
2017-05-30,996.169983,1021.1346780044694
2017-05-31,987.090027,1002.2913428330963
2017-06-01,988.2899779999999,927.8025364947616
2017-06-02,996.1199949999999,1064.1746176393767
2017-06-05,1003.8800050000001,939.6399454392431
2017-06-06,996.679993,895.0028383202252
2017-06-07,1001.5,952.4529471515222
2017-06-08,1004.2800289999999,1032.6343210378152
2017-06-09,970.1199949999999,1023.9036712424181
2017-06-12,961.8099980000001,963.5897495429085
2017-06-13,970.5,810.0215108686189
2017-06-14,967.929993,1010.1051397393853
2017-06-15,960.179993,971.3345909394318
2017-06-16,958.6199949999999,948.7967263545869
2017-06-19,975.2199710000001,938.1685695214325
2017-06-20,968.98999,894.6031285370171
2017-06-21,978.590027,971.5552485706824
2017-06-22,976.6199949999999,889.3475578256958
2017-06-23,986.090027,945.0663957976609
2017-06-26,972.090027,853.8298052645326
2017-06-27,948.090027,1038.8835011753781
2017-06-28,961.01001,896.652198392199
2017-06-29,937.820007,932.7729982296776
2017-06-30,929.679993,954.6518153060337
2017-07-03,919.4600220000001,929.5511274922367
2017-07-05,932.26001,813.417325942479
2017-07-06,927.6900019999999,876.6078300490466
2017-07-07,940.8099980000001,887.8106161302493
2017-07-10,951.0,774.8570798386395
2017-07-11,953.5300289999999,1002.5341033752213
2017-07-12,967.659973,851.3359375453464
2017-07-13,968.849976,965.3112226833445
2017-07-14,976.909973,828.3145021330935
2017-07-17,975.9600220000001,976.1487070841919
2017-07-18,986.9500119999999,1039.9607859070725
2017-07-19,992.7700199999999,860.390237107119
2017-07-20,992.1900019999999,994.0515541109208
2017-07-21,993.840027,1064.798699828772
2017-07-24,998.3099980000001,836.4358824041559
2017-07-25,969.0300289999999,945.7057549989843
2017-07-26,965.3099980000001,976.7939634907276
2017-07-27,952.51001,1002.9619061438895
2017-07-28,958.330017,926.1726789912065
2017-07-31,945.5,913.089334532896
2017-08-01,946.5599980000001,963.780224627797
2017-08-02,947.6400150000001,970.2066923992222
2017-08-03,940.2999880000001,878.6780741213687
2017-08-04,945.7899779999999,878.3925007980962
2017-08-07,945.75,859.0293293089939
2017-08-08,944.1900019999999,837.6381228777897
2017-08-09,940.080017,1002.1323969004847
