date,1. open,2. high,3. low,4. close,5. volume
2020-06-24,19.66,20.07,19.24,19.73,420329.0
2020-06-23,19.5,20.51,19.402,19.82,560520.0
2020-06-22,20.03,20.12,19.0,19.27,530673.0
2020-06-19,19.1,20.44,18.93,20.06,851928.0
2020-06-18,18.88,19.61,18.57,18.67,732601.0
2020-06-17,20.98,21.0273,19.78,19.78,726875.0
2020-06-16,22.09,22.25,20.87,20.94,530793.0
2020-06-15,20.61,21.13,20.41,20.9,454487.0
2020-06-12,20.97,21.58,20.39,21.54,589650.0
2020-06-11,20.96,21.88,20.05,20.08,819140.0
2020-06-10,22.07,22.7372,21.1301,22.06,558319.0
2020-06-09,22.39,22.9,21.0,22.18,894232.0
2020-06-08,22.12,24.1899,22.12,23.95,1060825.0
2020-06-05,22.9,23.39,21.3504,21.66,880137.0
2020-06-04,22.01,22.07,21.09,21.56,625468.0
2020-06-03,21.09,22.2,20.5,21.96,941283.0
2020-06-02,18.77,20.81,18.45,20.48,1171406.0
2020-06-01,17.76,18.86,17.54,18.24,1055816.0
2020-05-29,19.44,19.736,16.6,17.16,6713745.0
2020-05-28,21.0,21.245,19.35,19.48,859629.0
2020-05-27,21.47,21.53,19.6,20.61,621126.0
2020-05-26,21.17,21.71,20.2,20.95,949617.0
2020-05-22,20.43,20.8,19.55,20.8,884397.0
2020-05-21,19.13,20.7,18.785,20.51,729905.0
2020-05-20,18.58,19.438,18.58,19.08,573501.0
2020-05-19,19.6,19.6,17.8,18.48,843721.0
2020-05-18,19.61,19.89,18.8262,19.36,683397.0
2020-05-15,19.0,19.67,18.55,18.72,553979.0
2020-05-14,18.0,19.2699,16.77,19.14,795987.0
2020-05-13,20.05,20.05,17.8,18.27,1166483.0
2020-05-12,19.96,21.56,19.788,20.04,809362.0
2020-05-11,18.29,19.97,17.57,19.54,822902.0
2020-05-08,18.51,18.96,18.03,18.51,598809.0
2020-05-07,16.44,19.0701,15.955,17.97,1254898.0
2020-05-06,15.78,16.55,15.1,16.38,545601.0
2020-05-05,16.28,16.885,15.52,15.83,540322.0
2020-05-04,15.0,16.21,14.85,16.1,509459.0
2020-05-01,15.65,15.929,15.0,15.23,399148.0
2020-04-30,17.12,17.6,15.86,16.31,430819.0
2020-04-29,17.2,17.8,16.5946,17.5,686179.0
2020-04-28,14.51,16.5,14.475,16.44,916746.0
2020-04-27,14.78,14.78,13.59,14.15,604852.0
2020-04-24,15.22,15.3,14.28,14.51,540181.0
2020-04-23,15.3,15.45,15.0,15.19,783154.0
2020-04-22,15.92,15.92,15.06,15.23,448882.0
2020-04-21,16.06,16.54,15.53,15.59,475655.0
2020-04-20,16.45,17.4,15.91,16.68,395336.0
2020-04-17,17.97,17.97,16.2,16.39,739714.0
2020-04-16,17.5,17.5,16.22,17.3,408439.0
2020-04-15,16.0,17.8,15.4,17.35,471745.0
2020-04-14,16.47,17.15,16.19,16.46,333468.0
2020-04-13,16.48,16.48,15.55,16.01,335490.0
2020-04-09,16.56,17.25,16.18,16.57,428596.0
2020-04-08,16.48,16.56,15.88,16.12,732957.0
2020-04-07,17.71,17.78,16.02,16.34,636299.0
2020-04-06,18.35,18.94,16.63,16.74,396011.0
2020-04-03,16.82,17.55,16.31,17.48,278806.0
2020-04-02,16.32,17.15,16.18,17.02,267015.0
2020-04-01,16.01,16.69,15.76,16.47,212066.0
2020-03-31,16.25,17.76,16.03,16.98,448409.0
2020-03-30,15.5,16.26,15.0,16.16,341494.0
2020-03-27,17.02,17.41,15.58,15.7,318977.0
2020-03-26,18.2,19.28,17.76,18.13,293679.0
2020-03-25,17.46,18.635,16.6,17.79,252613.0
2020-03-24,16.37,17.79,15.91,16.82,213226.0
2020-03-23,15.78,16.125,14.94,15.29,274346.0
2020-03-20,15.54,17.4,15.12,16.36,450462.0
2020-03-19,15.66,17.42,14.05,15.16,414403.0
2020-03-18,17.91,18.25,15.4,16.22,368366.0
2020-03-17,17.82,19.34,16.7201,19.32,422280.0
2020-03-16,18.84,20.97,17.15,17.37,385860.0
2020-03-13,22.1,22.19,19.75,21.34,292511.0
2020-03-12,21.88,22.56,19.28,19.84,583875.0
2020-03-11,24.82,25.4699,23.43,23.79,303996.0
2020-03-10,24.56,25.85,23.51,25.79,367306.0
2020-03-09,25.85,26.0,22.89,22.9,691303.0
2020-03-06,29.47,30.08,28.13,28.28,456710.0
2020-03-05,30.82,31.33,29.94,30.72,213783.0
2020-03-04,30.11,31.41,30.05,31.36,226372.0
2020-03-03,30.09,31.21,29.5,29.98,366821.0
2020-03-02,29.39,30.2,28.37,30.14,304718.0
2020-02-28,29.1,29.65,28.02,28.98,349227.0
2020-02-27,31.16,31.3,29.65,29.8,401373.0
2020-02-26,31.93,32.64,31.49,31.81,203000.0
2020-02-25,33.47,33.6,31.33,31.62,405864.0
2020-02-24,32.5,33.26,31.5,32.89,224049.0
2020-02-21,33.45,34.29,33.3,34.24,255078.0
2020-02-20,33.0,34.05,32.1,33.9,325905.0
2020-02-19,31.64,33.11,31.49,32.8,358607.0
2020-02-18,31.05,31.85,30.5566,31.26,241619.0
2020-02-14,31.29,31.7576,31.04,31.19,302522.0
2020-02-13,32.07,32.4,30.83,31.12,515705.0
2020-02-12,32.03,32.77,31.69,32.73,254502.0
2020-02-11,32.9,32.94,31.6397,31.82,383202.0
2020-02-10,33.16,33.49,32.54,33.09,251673.0
2020-02-07,33.0,33.85,32.5,33.32,363972.0
2020-02-06,32.95,33.45,31.9,32.46,281637.0
2020-02-05,32.51,32.92,31.75,32.47,400595.0
2020-02-04,33.96,34.79,31.63,32.05,872056.0
2020-02-03,30.94,33.8,30.94,33.13,479264.0
2020-01-31,31.12,31.33,30.19,30.67,173822.0
2020-01-30,30.63,31.67,30.3,31.66,227973.0
2020-01-29,31.54,32.42,30.94,30.95,371860.0
2020-01-28,30.29,31.4504,29.81,31.35,327590.0
2020-01-27,29.62,29.91,28.54,29.74,542850.0
2020-01-24,31.61,31.97,30.0012,30.29,329724.0
2020-01-23,32.77,33.15,31.61,31.69,517470.0
2020-01-22,32.75,33.92,32.47,32.96,543157.0
2020-01-21,33.3,33.85,32.32,32.45,503345.0
2020-01-17,32.64,33.7,32.5,33.05,408643.0
2020-01-16,32.09,33.4,32.0,32.9,388730.0
2020-01-15,33.49,33.7367,31.81,32.03,549743.0
2020-01-14,34.3,34.56,32.8,33.65,653974.0
2020-01-13,36.16,36.23,34.4,34.54,580131.0
2020-01-10,36.87,37.44,36.1,36.19,373818.0
2020-01-09,36.1,37.03,35.75,36.84,349207.0
2020-01-08,34.95,36.25,34.94,35.81,344227.0
2020-01-07,35.53,36.13,34.61,35.3,463168.0
2020-01-06,34.55,36.34,34.0,35.83,401932.0
2020-01-03,35.5,35.79,33.66,35.36,733603.0
2020-01-02,36.37,37.73,35.42,36.36,547252.0
2019-12-31,36.23,36.81,35.6107,36.25,240945.0
2019-12-30,36.52,36.93,35.12,36.27,533251.0
2019-12-27,38.02,38.09,36.01,36.38,689002.0
2019-12-26,37.11,39.1,36.8,37.75,1143258.0
2019-12-24,36.43,38.8,36.1777,36.72,575326.0
2019-12-23,33.81,36.52,33.4314,36.27,729963.0
2019-12-20,33.85,34.0,32.94,33.73,506069.0
2019-12-19,33.27,34.46,32.76,33.55,575058.0
2019-12-18,31.19,33.98,31.17,33.01,989769.0
2019-12-17,30.47,31.29,29.7533,31.13,788865.0
2019-12-16,30.38,30.85,29.61,30.53,579206.0
2019-12-13,29.26,31.145,28.81,30.04,939579.0
2019-12-12,27.44,28.98,27.16,28.59,774508.0
2019-12-11,27.1,27.8959,26.6,27.13,374524.0
2019-12-10,28.58,28.755,27.05,27.07,493952.0
2019-12-09,28.76,28.9493,27.22,28.58,656267.0
2019-12-06,27.39,28.7011,27.15,28.41,620436.0
2019-12-05,26.4,27.49,26.2856,26.92,571913.0
2019-12-04,25.27,26.97,24.9901,26.42,439603.0
2019-12-03,24.64,24.92,24.0027,24.8,435789.0
2019-12-02,26.01,26.9,24.65,24.76,363486.0
2019-11-29,26.62,26.95,25.85,25.85,257171.0
2019-11-27,24.9,27.12,24.75,26.69,740397.0
2019-11-26,25.01,25.22,24.07,25.1,876330.0
2019-11-25,24.94,25.96,24.67,25.23,499469.0
2019-11-22,25.07,25.88,24.4,25.0,298975.0
2019-11-21,25.1,25.2,24.36,24.99,335844.0
2019-11-20,23.71,25.08,23.58,25.08,771649.0
2019-11-19,22.63,23.4,22.01,23.37,339958.0
2019-11-18,23.49,23.49,22.3,22.6,320272.0
2019-11-15,23.06,23.55,22.2,23.24,409799.0
2019-11-14,24.19,24.35,22.66,22.75,480545.0
2019-11-13,24.51,24.9,24.15,24.26,481793.0
2019-11-12,25.1,25.69,24.11,24.71,503062.0
2019-11-11,23.73,25.58,23.68,25.17,645570.0
2019-11-08,23.75,23.79,23.21,23.6,245559.0
2019-11-07,23.72,24.35,23.52,23.81,191416.0
2019-11-06,24.04,24.08,23.165,23.36,208804.0
2019-11-05,23.89,24.78,23.8,24.22,262505.0
2019-11-04,23.08,24.36,23.07,23.9,473283.0
2019-11-01,23.01,23.3,22.21,22.66,467173.0
2019-10-31,22.95,23.2,22.43,22.9,373935.0
2019-10-30,23.16,23.3647,22.5,23.18,342307.0
2019-10-29,22.81,24.1,22.34,23.52,516285.0
2019-10-28,24.76,25.92,22.53,23.02,779887.0
2019-10-25,24.35,26.03,24.3,25.11,771429.0
2019-10-24,25.13,25.18,24.11,24.25,416419.0
2019-10-23,24.52,25.13,24.12,24.92,334288.0
2019-10-22,25.68,25.92,24.65,24.71,256776.0
2019-10-21,25.37,25.89,24.98,25.47,240098.0
2019-10-18,25.48,25.8,25.05,25.24,242444.0
2019-10-17,26.04,26.32,25.65,25.86,242107.0
2019-10-16,26.5,26.6,25.52,25.88,330041.0
2019-10-15,26.53,27.08,26.14,26.68,226721.0
2019-10-14,26.91,27.16,26.1501,26.4,230471.0
2019-10-11,28.45,28.73,27.05,27.09,459382.0
2019-10-10,26.2,28.08,25.995,27.76,692209.0
2019-10-09,25.48,26.06,24.58,25.83,313814.0
2019-10-08,26.51,26.96,25.11,25.18,435821.0
2019-10-07,26.78,27.69,26.54,26.54,461599.0
2019-10-04,25.79,27.0,25.51,26.89,472557.0
2019-10-03,26.55,26.65,25.43,25.61,632253.0
2019-10-02,25.32,26.76,24.72,26.53,433333.0
2019-10-01,25.98,26.325,25.1,25.62,517222.0
2019-09-30,26.3,26.39,25.17,26.02,358680.0
2019-09-27,24.78,26.35,24.74,26.06,443585.0
2019-09-26,25.1,25.8,24.3993,24.91,553562.0
2019-09-25,23.46,24.68,23.15,24.52,600776.0
2019-09-24,23.39,23.87,22.88,23.55,342252.0
2019-09-23,23.43,23.71,22.89,23.55,543132.0
2019-09-20,24.48,24.85,23.53,23.79,521774.0
2019-09-19,23.2,24.86,22.89,24.35,894183.0
2019-09-18,24.8,24.8,23.68,24.25,585886.0
2019-09-17,24.87,25.03,24.21,24.92,551504.0
2019-09-16,24.23,25.94,24.22,25.25,512611.0
2019-09-13,24.64,25.58,24.4102,24.69,816055.0
2019-09-12,25.07,25.1932,24.045,24.5,424810.0
2019-09-11,25.22,25.86,23.43,24.78,918992.0
2019-09-10,24.21,26.07,24.21,25.03,512486.0
2019-09-09,24.88,26.2,24.43,24.63,545312.0
2019-09-06,25.07,26.72,24.78,24.86,1164039.0
2019-09-05,24.05,25.49,23.62,24.95,1291996.0
2019-09-04,22.07,24.4217,21.41,23.6,1749346.0
2019-09-03,24.98,25.9,21.9,21.9,1300193.0
2019-08-30,24.8,24.82,23.22,23.31,1146072.0
2019-08-29,25.4,26.39,23.7723,24.89,1649028.0
2019-08-28,26.72,27.72,25.76,26.47,995483.0
2019-08-27,29.5,29.77,26.94,27.05,1612937.0
2019-08-26,31.29,31.98,29.64,29.84,735557.0
2019-08-23,32.96,33.33,30.81,30.91,1093432.0
2019-08-22,34.01,35.27,33.07,33.21,652189.0
2019-08-21,32.68,34.075,32.34,33.7,703819.0
2019-08-20,33.09,34.285,32.2,32.32,869470.0
2019-08-19,37.75,37.75,32.38,32.44,1398393.0
2019-08-16,39.62,40.4317,38.1,38.28,930974.0
2019-08-15,38.5,39.892,36.67,38.92,1235684.0
2019-08-14,35.34,37.679,34.57,36.08,1465071.0
2019-08-13,38.06,40.37,36.75,37.28,2209851.0
2019-08-12,44.16,44.33,31.0,36.2,6496400.0
2019-08-09,68.8,77.31,68.8,76.48,791036.0
2019-08-08,66.08,69.76,65.76,69.16,825330.0
2019-08-07,65.2,66.27,64.395,66.18,264389.0
2019-08-06,64.34,66.42,63.895,66.3,393417.0
2019-08-05,62.6,64.34,62.34,63.25,333688.0
2019-08-02,64.85,65.91,63.52,65.09,324052.0
2019-08-01,69.63,69.63,65.3,65.42,298188.0
2019-07-31,70.93,71.3,68.36,69.28,432959.0
2019-07-30,71.18,72.01,70.34,70.9,370994.0
2019-07-29,70.86,72.42,69.15,72.02,443404.0
2019-07-26,65.59,71.555,64.99,70.86,582644.0
2019-07-25,65.17,66.97,64.7,65.42,472246.0
2019-07-24,64.86,66.78,64.755,65.29,305715.0
2019-07-23,63.84,65.24,62.81,65.08,440165.0
2019-07-22,65.85,66.28,63.53,63.54,467710.0
2019-07-19,66.91,67.39,64.81,65.82,404438.0
2019-07-18,68.03,68.69,64.8,67.03,415836.0
2019-07-17,68.8,69.795,67.745,68.17,331818.0
2019-07-16,68.96,71.31,68.72,69.11,647205.0
2019-07-15,73.32,73.5,68.47,68.96,640184.0
2019-07-12,74.21,74.47,72.66,73.3,353016.0
2019-07-11,75.19,75.5,73.53,73.9,374195.0
2019-07-10,74.82,76.22,73.135,74.55,348609.0
2019-07-09,73.26,76.05,72.8,74.37,321209.0
2019-07-08,72.09,74.5,71.05,74.0,509633.0
2019-07-05,72.99,73.81,71.65,72.52,263001.0
2019-07-03,73.66,74.66,72.04,73.4,192477.0
2019-07-02,71.69,74.06,70.58,73.96,336805.0
2019-07-01,73.6,75.7,71.17,71.55,398617.0
2019-06-28,71.01,73.27,70.61,72.85,418616.0
2019-06-27,68.03,72.28,67.9501,70.61,567943.0
2019-06-26,69.8,70.615,67.0,67.88,303726.0
2019-06-25,67.35,69.67,66.96,69.33,472555.0
2019-06-24,66.44,67.4,65.05,67.26,388880.0
2019-06-21,66.62,67.17,65.5914,66.46,473004.0
2019-06-20,67.09,67.8,65.6414,66.97,311790.0
2019-06-19,67.75,68.35,65.035,65.35,326287.0
2019-06-18,66.44,68.62,66.24,67.56,498887.0
2019-06-17,65.49,66.27,64.5,64.94,503951.0
2019-06-14,68.1,68.705,64.88,65.76,644049.0
2019-06-13,68.49,68.7788,63.32,68.43,1071525.0
2019-06-12,61.84,69.2265,60.51,68.55,1380689.0
2019-06-11,58.47,61.82,58.19,61.8,1227407.0
2019-06-10,56.43,58.56,56.26,57.87,566597.0
2019-06-07,56.26,57.29,54.99,56.11,342041.0
2019-06-06,55.02,55.795,53.98,55.71,580989.0
2019-06-05,53.85,55.75,53.34,54.62,592388.0
2019-06-04,50.8,53.97,50.42,53.81,544129.0
2019-06-03,51.11,51.11,48.7,50.3,734837.0
2019-05-31,49.35,51.0,48.5101,49.88,589966.0
2019-05-30,48.58,51.405,48.58,49.85,713569.0
2019-05-29,48.47,48.595,45.14,48.28,989920.0
2019-05-28,50.0,52.52,48.09,48.81,7173733.0
2019-05-24,48.83,50.27,47.77,49.99,844974.0
2019-05-23,48.13,49.64,46.89,48.35,604230.0
2019-05-22,48.32,49.42,47.92,48.97,575877.0
2019-05-21,46.22,49.0,46.22,48.43,659353.0
2019-05-20,44.94,45.93,43.26,45.73,636359.0
2019-05-17,44.82,46.66,44.26,44.94,467553.0
2019-05-16,44.03,46.77,43.59,45.73,463835.0
2019-05-15,42.72,44.86,42.11,44.4,435582.0
2019-05-14,43.59,44.95,42.895,43.48,546032.0
2019-05-13,44.7,44.7,42.27,42.75,815389.0
2019-05-10,46.07,48.74,45.74,46.52,691843.0
2019-05-09,46.0,48.1133,45.03,48.05,518423.0
2019-05-08,46.23,48.0,46.15,46.9,428137.0
2019-05-07,47.18,47.2853,45.17,45.7,502451.0
2019-05-06,46.66,48.99,46.01,47.98,382152.0
2019-05-03,44.25,48.38,44.15,48.14,698485.0
2019-05-02,41.96,43.96,41.1925,43.72,334925.0
2019-05-01,40.53,41.99,40.22,41.84,455588.0
2019-04-30,39.89,40.77,39.87,40.58,567788.0
2019-04-29,41.01,41.42,39.43,39.73,488093.0
2019-04-26,41.9,42.855,40.2,40.82,669779.0
2019-04-25,41.24,42.3,37.39,41.19,1655316.0
2019-04-24,47.16,47.6899,41.74,42.41,799747.0
2019-04-23,47.59,47.68,46.0,47.09,332665.0
2019-04-22,46.7,48.325,46.25,47.02,259694.0
2019-04-18,50.81,51.04,46.25,46.98,309061.0
2019-04-17,49.28,51.83,47.64,50.83,513266.0
2019-04-16,49.26,50.9199,48.12,48.5,344278.0
2019-04-15,48.5,50.77,48.17,49.3,276480.0
2019-04-12,45.87,48.43,45.87,48.43,419394.0
2019-04-11,47.99,48.44,45.1992,46.1,242029.0
2019-04-10,46.35,48.4117,45.74,47.87,258270.0
2019-04-09,47.55,47.9299,44.8,46.17,287351.0
2019-04-08,45.58,47.65,45.395,47.47,374295.0
2019-04-05,43.65,45.68,43.55,45.62,434283.0
2019-04-04,42.91,44.412,42.4,43.6,242291.0
2019-04-03,44.86,45.4,42.77,43.07,238463.0
2019-04-02,46.71,46.71,43.9,44.48,341960.0
2019-04-01,46.53,47.85,45.63,46.5,321378.0
2019-03-29,44.52,46.61,43.9674,45.76,208506.0
2019-03-28,42.3,44.37,42.3,44.12,431440.0
2019-03-27,45.03,45.4,42.17,42.81,491219.0
2019-03-26,47.82,48.78,45.17,46.0,312835.0
2019-03-25,46.31,48.34,46.31,47.4,249220.0
2019-03-22,50.0,50.53,46.2901,46.47,493939.0
2019-03-21,52.12,53.5099,50.76,51.12,304420.0
2019-03-20,51.82,53.41,51.19,52.46,469850.0
2019-03-19,51.72,54.33,51.6,51.91,634834.0
2019-03-18,49.48,51.95,49.0,51.44,380837.0
2019-03-15,47.6,50.04,47.4122,49.33,471989.0
2019-03-14,46.79,47.61,45.4541,46.69,198837.0
2019-03-13,45.92,47.6,45.5,47.01,372682.0
2019-03-12,48.0,49.2,45.4325,45.7,303216.0
2019-03-11,46.08,49.58,46.08,47.53,734865.0
2019-03-08,43.66,47.11,43.66,44.55,660224.0
2019-03-07,43.58,44.785,41.62,43.26,342626.0
2019-03-06,46.32,46.32,43.59,43.73,302005.0
2019-03-05,46.37,47.1,45.03,46.99,194396.0
2019-03-04,46.76,47.61,45.29,46.32,218196.0
2019-03-01,51.0,51.34,46.62,46.71,437619.0
2019-02-28,52.15,52.79,49.59,50.5,342542.0
2019-02-27,53.1,54.54,51.85,52.21,261939.0
2019-02-26,52.02,53.89,51.51,53.41,159758.0
2019-02-25,54.53,55.11,52.09,52.27,300053.0
2019-02-22,52.08,54.2637,52.08,54.08,268400.0
2019-02-21,51.02,52.83,51.02,51.67,254096.0
2019-02-20,52.78,54.6,50.38,51.05,477378.0
2019-02-19,55.95,56.55,51.71,52.0,520384.0
2019-02-15,57.53,58.32,56.35,56.95,231901.0
2019-02-14,56.15,58.35,56.15,58.11,196691.0
2019-02-13,59.13,59.29,56.545,56.82,185375.0
2019-02-12,58.52,59.44,57.46,59.03,238137.0
2019-02-11,57.2,58.16,55.81,57.62,141455.0
2019-02-08,56.82,57.585,54.86,57.44,163875.0
2019-02-07,58.49,58.49,54.3442,56.88,255674.0
2019-02-06,58.55,59.91,57.15,57.33,191155.0
2019-02-05,59.65,60.6,58.06,59.68,383637.0
2019-02-04,57.31,60.32,57.23,59.72,231066.0
2019-02-01,57.49,58.47,56.26,57.98,165663.0
2019-01-31,57.47,58.42,56.0601,57.87,156748.0
2019-01-30,57.26,58.15,55.9526,57.15,266587.0
2019-01-29,55.43,57.81,54.42,56.71,211568.0
2019-01-28,54.8,55.85,53.3,55.25,290487.0
2019-01-25,54.84,55.81,53.89,55.0,215616.0
2019-01-24,54.99,55.81,53.45,53.98,293654.0
2019-01-23,53.23,55.26,52.98,54.97,349822.0
2019-01-22,53.0,53.95,51.82,52.73,201619.0
2019-01-18,52.28,54.3,51.68,53.83,413932.0
2019-01-17,49.87,51.795,48.715,51.66,225285.0
2019-01-16,53.03,53.29,49.51,49.95,666344.0
2019-01-15,53.0,53.58,52.38,52.75,204400.0
2019-01-14,53.0,54.2095,51.8303,53.0,501072.0
2019-01-11,52.11,53.25,51.58,53.17,170619.0
2019-01-10,50.57,52.835,49.9,52.35,374905.0
2019-01-09,49.5,52.62,48.52,50.57,681480.0
2019-01-08,50.79,50.8999,48.15,49.5,413937.0
2019-01-07,46.68,50.54,45.87,50.01,387619.0
2019-01-04,44.56,47.17,44.46,46.9,220357.0
2019-01-03,43.7,44.76,42.09,44.36,148552.0
2019-01-02,44.19,44.83,43.5302,43.87,208462.0
2018-12-31,42.62,44.4199,42.215,44.22,131771.0
2018-12-28,40.89,43.47,40.01,42.55,265809.0
2018-12-27,38.13,40.67,37.41,40.61,465168.0
2018-12-26,35.8,38.63,34.66,38.46,321247.0
2018-12-24,36.0,37.82,35.18,35.69,164007.0
2018-12-21,38.19,38.19,36.34,36.52,223178.0
2018-12-20,39.26,39.5,37.49,37.66,352804.0
2018-12-19,39.93,40.98,38.41,38.57,342218.0
2018-12-18,38.44,40.09,38.18,39.84,394903.0
2018-12-17,41.56,41.75,38.0,38.34,370060.0
2018-12-14,41.87,42.16,41.37,41.75,206534.0
2018-12-13,42.0,42.13,41.01,41.88,229516.0
2018-12-12,42.32,43.315,41.55,41.84,188406.0
2018-12-11,41.25,43.035,41.25,41.65,263872.0
2018-12-10,42.37,42.37,40.73,41.2,370507.0
2018-12-07,45.31,46.18,42.61,42.61,314575.0
2018-12-06,43.56,45.42,42.44,45.22,215119.0
2018-12-04,46.29,46.99,44.575,45.22,300414.0
2018-12-03,45.94,46.95,45.36,46.73,220457.0
2018-11-30,45.16,45.83,43.6,44.39,153372.0
2018-11-29,44.25,46.45,43.65,45.22,299337.0
2018-11-28,45.73,45.73,41.4348,44.25,457772.0
2018-11-27,45.3,45.3,43.37,45.0,224617.0
2018-11-26,45.91,45.91,43.7732,45.06,231949.0
2018-11-23,45.8,45.94,44.39,45.79,101600.0
2018-11-21,44.56,46.985,44.12,46.34,215315.0
2018-11-20,45.76,45.76,43.38,43.83,162426.0
2018-11-19,47.09,47.24,45.5,46.6,127600.0
2018-11-16,45.96,48.195,45.95,47.46,197789.0
2018-11-15,44.64,47.01,43.6201,45.96,174504.0
2018-11-14,41.82,44.74,41.82,44.3,142640.0
2018-11-13,42.86,44.34,40.72,41.18,254463.0
2018-11-12,43.27,43.33,42.02,43.01,144106.0
2018-11-09,43.81,44.125,42.1,43.52,141517.0
2018-11-08,44.0,45.73,43.0001,43.94,217558.0
2018-11-07,45.88,46.64,43.29,43.82,272900.0
2018-11-06,46.79,48.58,45.35,45.53,156689.0
2018-11-05,47.44,48.34,46.25,46.77,163782.0
2018-11-02,48.83,48.98,46.79,48.22,266736.0
2018-11-01,45.03,49.41,45.03,48.52,528789.0
2018-10-31,43.13,44.78,41.35,44.69,427609.0
2018-10-30,41.93,43.49,41.6,43.1,120625.0
2018-10-29,43.07,43.87,41.28,41.83,415963.0
2018-10-26,41.84,42.85,41.15,42.56,270261.0
2018-10-25,39.57,42.71,39.22,42.18,582529.0
2018-10-24,38.17,40.22,38.0,39.36,433792.0
2018-10-23,37.07,38.23,36.14,38.02,575753.0
2018-10-22,38.13,38.3741,36.85,38.04,476227.0
2018-10-19,36.44,38.185,36.1501,37.43,387906.0
2018-10-18,36.98,37.96,36.08,36.28,267656.0
2018-10-17,38.52,38.61,36.76,37.39,374085.0
2018-10-16,40.12,40.68,38.7,39.05,315140.0
2018-10-15,39.61,41.75,38.57,39.65,369740.0
2018-10-12,36.8,40.72,36.8,39.78,390516.0
2018-10-11,36.3,37.2,34.0,36.14,632556.0
2018-10-10,38.6,39.195,35.71,36.19,381644.0
2018-10-09,41.39,41.68,37.5,38.75,352992.0
2018-10-08,41.68,42.5,40.45,41.42,149721.0
2018-10-05,40.95,42.2,40.35,40.96,184837.0
2018-10-04,43.1,43.1,40.3983,40.47,320971.0
2018-10-03,46.31,47.96,43.7,43.91,408054.0
2018-10-02,42.6,45.87,42.6,44.44,697208.0
2018-10-01,41.59,42.3745,39.31,42.02,602692.0
2018-09-28,43.3,43.3,39.52,41.37,823644.0
2018-09-27,47.15,47.59,43.5878,43.82,362381.0
2018-09-26,47.5,49.16,45.42,47.13,510072.0
2018-09-25,44.6,47.62,42.65,46.78,748555.0
2018-09-24,48.34,49.4165,45.82,46.71,699003.0
2018-09-21,46.47,48.7727,45.49,48.5,828420.0
2018-09-20,41.64,47.88,41.5,46.17,2621321.0
2018-09-19,39.34,41.23,39.13,41.05,1146440.0
2018-09-18,39.77,40.72,39.46,39.77,334410.0
2018-09-17,39.41,40.3,39.2,39.87,798945.0
2018-09-14,39.83,40.61,38.6104,39.35,398592.0
2018-09-13,40.63,43.39,39.3,39.69,398780.0
2018-09-12,40.04,41.155,39.75,40.53,418121.0
2018-09-11,41.15,41.4457,39.3402,40.26,531248.0
2018-09-10,42.72,43.47,41.69,41.98,276953.0
2018-09-07,44.46,44.91,41.066,42.76,460418.0
2018-09-06,41.25,46.2,41.16,44.32,714174.0
2018-09-05,36.72,42.01,36.7,40.98,790528.0
2018-09-04,42.1,42.1,36.52,36.93,1104939.0
2018-08-31,34.14,44.77,34.14,43.64,1457159.0
2018-08-30,37.46,38.01,32.0,34.36,1792699.0
2018-08-29,42.34,42.9,38.21,38.49,860952.0
2018-08-28,44.37,44.4,42.06,42.5,664358.0
2018-08-27,44.8,45.39,43.365,44.15,526711.0
2018-08-24,47.01,47.75,43.4,44.7,543118.0
2018-08-23,45.88,48.22,44.51,46.73,664427.0
2018-08-22,45.99,48.1799,44.47,48.05,324550.0
2018-08-21,45.75,46.6684,45.68,46.0,510174.0
2018-08-20,46.72,46.8,44.85,45.75,178894.0
2018-08-17,47.96,47.96,46.05,46.81,321330.0
2018-08-16,48.25,49.455,47.4,47.87,369366.0
2018-08-15,47.51,48.98,46.34,48.07,626393.0
2018-08-14,48.11,50.0,47.625,48.36,627231.0
2018-08-13,50.75,50.99,46.51,47.72,622209.0
2018-08-10,53.43,53.43,50.75,51.44,612412.0
2018-08-09,55.3,57.37,55.1,56.04,413993.0
2018-08-08,59.09,59.46,54.36,54.79,655128.0
2018-08-07,63.77,63.77,59.01,59.71,369456.0
2018-08-06,65.02,66.1,64.28,64.86,63872.0
2018-08-03,63.46,66.65,62.704,65.73,182087.0
2018-08-02,66.77,66.77,61.91,63.31,273141.0
2018-08-01,68.0,68.09,66.67,66.8,88175.0
2018-07-31,69.34,69.77,68.0401,68.31,106830.0
2018-07-30,71.59,72.67,69.52,69.6,101200.0
2018-07-27,72.29,75.21,70.46,71.52,243319.0
2018-07-26,71.22,71.49,70.23,71.42,157036.0
2018-07-25,68.36,71.29,68.3,71.06,210769.0
2018-07-24,68.0,69.29,67.66,68.02,178226.0
2018-07-23,67.16,68.05,66.22,66.51,146458.0
2018-07-20,67.88,69.12,66.73,67.66,180249.0
2018-07-19,66.23,67.24,65.55,66.44,133711.0
2018-07-18,67.53,68.41,65.97,67.1,156548.0
2018-07-17,65.96,68.93,64.44,67.31,166564.0
2018-07-16,65.91,68.43,65.55,66.05,167684.0
2018-07-13,68.45,68.45,64.29,66.0,382655.0
2018-07-12,69.56,70.44,66.9,67.35,298068.0
2018-07-11,68.12,69.93,67.13,68.99,327606.0
2018-07-10,68.99,71.01,66.7,69.24,267993.0
2018-07-09,66.58,71.94,65.22,69.08,383813.0
2018-07-06,66.36,69.83,65.83,66.25,394264.0
2018-07-05,66.72,67.99,64.29,66.87,436456.0
2018-07-03,58.85,68.18,58.33,67.43,523171.0
2018-07-02,57.72,58.2,54.83,57.71,327112.0
2018-06-29,62.58,63.99,56.22,58.79,515086.0
2018-06-28,59.8,63.62,58.07,62.29,459893.0
2018-06-27,65.61,65.75,58.97,59.54,554854.0
2018-06-26,66.94,69.33,65.21,66.11,426946.0
2018-06-25,70.18,70.51,67.53,67.76,700119.0
2018-06-22,71.64,73.71,69.34,71.51,443487.0
2018-06-21,73.35,73.65,69.59,72.0,1162805.0
2018-06-20,64.53,65.99,62.21,65.37,531230.0
2018-06-19,59.59,64.65,58.5977,63.28,658237.0
2018-06-18,63.53,63.62,58.38,59.98,870229.0
2018-06-15,68.31,69.76,63.39,64.56,849344.0
2018-06-14,77.62,77.62,66.5505,67.66,742236.0
2018-06-13,80.14,80.6504,76.72,76.9,222139.0
2018-06-12,82.26,82.26,79.8201,80.5,159615.0
2018-06-11,81.62,83.62,81.1801,82.22,201415.0
2018-06-08,83.58,85.0,79.48,81.44,561496.0
2018-06-07,80.9,81.28,78.01,80.5,255771.0
2018-06-06,82.92,83.91,80.85,81.48,243573.0
2018-06-05,78.9,83.099,78.58,82.51,571564.0
2018-06-04,77.94,79.515,77.28,79.25,333747.0
2018-06-01,78.9,79.73,76.55,77.27,367860.0
2018-05-31,76.95,78.94,76.4,78.61,340132.0
2018-05-30,76.55,77.99,75.75,76.38,241745.0
2018-05-29,79.96,80.62,76.02,76.38,327237.0
2018-05-25,79.84,81.43,78.89,81.0,221702.0
2018-05-24,80.14,80.5,78.0,80.15,214651.0
2018-05-23,80.71,81.0,77.8,79.99,393231.0
2018-05-22,81.25,82.99,81.04,81.45,312850.0
2018-05-21,81.51,82.1,80.28,81.09,438388.0
2018-05-18,82.75,83.0,79.4,80.51,376844.0
2018-05-17,78.61,82.72,77.5,82.64,393947.0
2018-05-16,80.0,80.59,76.515,79.4,771618.0
2018-05-15,70.88,78.53,70.15,75.2,666353.0
2018-05-14,72.06,73.05,70.43,72.31,613358.0
2018-05-11,78.06,80.28,73.51,73.98,785905.0
2018-05-10,75.13,79.45,74.88,78.52,830576.0
2018-05-09,74.1175,75.85,73.0,74.74,1142284.0
2018-05-08,80.9,80.9,69.95,71.85,2029625.0
2018-05-07,82.23,84.64,80.86,81.02,384877.0
2018-05-04,92.46,94.2,82.5305,82.95,798352.0
2018-05-03,92.25,92.76,88.89,89.67,332667.0
2018-05-02,94.85,96.46,92.4,92.71,337047.0
2018-05-01,96.97,98.78,94.56,94.86,175733.0
2018-04-30,95.55,99.54,95.55,96.92,280112.0
2018-04-27,95.88,97.32,93.5,96.0,632584.0
2018-04-26,100.7,102.19,93.53,94.66,277165.0
2018-04-25,106.63,106.685,99.34,100.6,290517.0
2018-04-24,105.76,107.8,105.76,106.6,45828.0
2018-04-23,106.02,107.4999,105.92,106.51,58153.0
2018-04-20,108.35,108.98,105.26,106.06,130057.0
2018-04-19,107.93,109.51,106.4,108.75,101427.0
2018-04-18,109.9,111.67,108.02,108.23,108554.0
2018-04-17,106.2,109.49,106.2,109.35,76897.0
2018-04-16,107.68,107.68,105.41,106.0,68584.0
2018-04-13,109.76,109.76,106.65,107.55,51242.0
2018-04-12,109.05,110.06,107.86,109.32,77886.0
2018-04-11,109.0,110.11,108.89,108.89,98121.0
2018-04-10,108.12,109.5,107.36,109.14,72751.0
2018-04-09,108.15,110.165,107.265,107.35,43314.0
2018-04-06,109.39,109.8,107.08,108.4,69786.0
2018-04-05,109.9,111.0,109.31,109.99,228589.0
2018-04-04,109.45,109.49,107.265,109.02,136093.0
2018-04-03,109.0,110.34,106.8,109.51,162273.0
2018-04-02,107.55,109.11,106.82,108.59,59579.0
2018-03-29,107.54,109.49,106.165,107.97,172339.0
2018-03-28,108.96,108.96,106.83,106.94,61799.0
2018-03-27,108.7,110.775,107.11,108.02,105411.0
2018-03-26,107.7,108.91,106.92,108.6,94356.0
2018-03-23,107.47,109.22,106.26,106.28,110121.0
2018-03-22,108.55,109.17,106.5,107.46,120698.0
2018-03-21,106.35,111.15,105.86,109.2,286667.0
2018-03-20,107.1,107.59,105.88,106.0,194592.0
2018-03-19,109.02,109.02,106.7485,107.47,59384.0
2018-03-16,109.36,109.83,108.28,108.89,105829.0
2018-03-15,108.95,109.99,107.73,109.0,115706.0
2018-03-14,109.64,111.52,108.4901,109.46,187938.0
2018-03-13,112.43,112.43,109.28,109.97,244666.0
2018-03-12,110.78,113.36,110.78,112.27,353679.0
2018-03-09,107.75,113.23,107.02,109.18,235537.0
2018-03-08,107.39,107.98,106.59,107.42,97194.0
2018-03-07,107.0,108.58,105.2136,107.37,176869.0
2018-03-06,108.58,109.43,107.0801,107.61,215436.0
2018-03-05,107.21,108.735,106.3101,107.35,211753.0
2018-03-02,110.6,110.6,105.05,108.21,338846.0
2018-03-01,113.72,113.72,111.41,111.61,309050.0
2018-02-28,113.9,114.3199,111.49,113.11,202023.0
2018-02-27,114.04,114.785,112.73,113.54,254487.0
2018-02-26,114.7,114.86,112.84,113.89,197759.0
2018-02-23,113.03,113.7,112.12,113.11,239679.0
2018-02-22,110.51,113.7,109.83,112.61,359062.0
2018-02-21,108.83,112.38,108.07,110.03,194330.0
2018-02-20,110.0,110.35,107.555,108.76,426505.0
2018-02-16,106.75,110.0,106.0,107.9,586798.0
2018-02-15,101.88,106.67,101.88,105.75,442371.0
2018-02-14,95.72,101.0,95.72,100.79,326288.0
2018-02-13,96.15,96.88,94.835,96.73,120810.0
2018-02-12,95.76,97.61,93.94,96.32,176209.0
2018-02-09,96.32,96.64,91.356,94.84,282666.0
2018-02-08,99.75,100.0,95.41,95.46,195505.0
2018-02-07,102.21,104.6799,99.2,99.33,224346.0
2018-02-06,93.3,101.84,93.25,101.22,267251.0
2018-02-05,99.87,99.87,96.35,96.69,159952.0
2018-02-02,103.29,103.85,100.0,100.83,377694.0
2018-02-01,108.55,108.66,104.06,104.6,244832.0
2018-01-31,107.0,110.06,106.5101,108.54,253747.0
2018-01-30,105.0,106.92,103.32,105.73,200247.0
2018-01-29,106.88,106.99,105.19,105.41,147978.0
2018-01-26,108.02,109.67,107.55,107.87,121982.0
2018-01-25,108.02,110.07,107.87,107.93,245729.0
2018-01-24,107.77,111.4,107.6,107.9,482105.0
2018-01-23,113.05,114.21,107.21,107.49,362018.0
2018-01-22,113.11,114.495,113.06,113.47,170289.0
2018-01-19,116.8,116.8,113.37,113.77,365705.0
2018-01-18,116.99,117.79,116.05,116.22,206150.0
2018-01-17,115.89,117.78,115.57,116.11,255789.0
2018-01-16,114.89,116.045,114.89,115.5,223207.0
2018-01-12,114.07,115.23,112.1,114.5,173958.0
2018-01-11,111.62,114.115,111.62,113.71,249216.0
2018-01-10,112.69,112.69,110.55,111.5,196602.0
2018-01-09,112.47,113.91,112.01,112.96,152518.0
2018-01-08,115.53,115.53,112.54,113.12,264507.0
2018-01-05,115.82,116.45,114.51,116.08,412402.0
2018-01-04,116.69,117.86,114.83,115.22,294331.0
2018-01-03,116.81,117.4198,115.505,116.75,135881.0
2018-01-02,117.03,117.99,116.1,116.94,145534.0
2017-12-29,115.76,116.47,114.36,115.88,73242.0
2017-12-28,116.66,118.23,115.6925,116.0,199101.0
2017-12-27,117.06,117.78,116.566,116.59,145249.0
2017-12-26,116.85,117.22,116.055,116.95,228050.0
2017-12-22,116.98,117.52,116.48,117.11,178173.0
2017-12-21,116.64,117.28,115.8,116.77,197636.0
2017-12-20,116.54,118.284,115.85,117.19,156882.0
2017-12-19,116.93,119.98,116.295,117.44,318909.0
2017-12-18,116.54,116.9899,114.8001,116.1,138756.0
2017-12-15,116.45,116.45,114.37,114.38,151732.0
2017-12-14,118.285,118.54,115.56,115.77,308921.0
2017-12-13,120.62,121.9,118.02,118.23,381257.0
2017-12-12,120.38,121.885,120.002,120.92,200989.0
2017-12-11,118.13,121.075,117.65,120.24,236001.0
2017-12-08,115.9,119.76,115.02,118.77,406291.0
2017-12-07,112.5,115.87,111.26,114.9,223823.0
2017-12-06,106.2,114.07,106.0,112.96,389414.0
2017-12-05,104.73,106.6897,104.55,106.27,147656.0
2017-12-04,103.83,105.47,103.83,104.5,172368.0
2017-12-01,102.55,103.5,101.13,103.16,209251.0
2017-11-30,103.41,103.61,100.7,101.54,279815.0
2017-11-29,102.6,104.105,102.59,103.35,287943.0
2017-11-28,105.0,105.98,101.96,102.55,346564.0
2017-11-27,104.05,108.455,104.02,105.19,332367.0
2017-11-24,100.31,105.75,98.55,105.19,336343.0
2017-11-22,101.78,102.0,99.17,99.68,568945.0
2017-11-21,99.0,101.86,96.44,96.68,379364.0
2017-11-20,95.5,102.48,95.0,99.01,745989.0
2017-11-17,107.5,108.0,100.578,103.36,561716.0
2017-11-16,105.0,109.73,102.31,107.38,575272.0
2017-11-15,95.7,102.5,92.34,101.22,1204575.0
2017-11-14,112.92,112.975,96.81,97.61,1265924.0
2017-11-13,116.48,117.59,113.2901,113.97,468724.0
2017-11-10,120.5,121.7,116.35,117.18,201383.0
2017-11-09,123.62,123.62,120.13,121.03,322286.0
2017-11-08,120.58,124.36,120.28,124.36,213190.0
2017-11-07,123.0,123.14,118.62,119.22,119049.0
2017-11-06,118.93,123.44,118.1,123.29,98558.0
2017-11-03,120.12,120.77,116.24,118.35,312985.0
2017-11-02,121.25,122.4,117.51,119.73,438486.0
2017-11-01,125.35,126.36,120.5,120.7,587576.0
2017-10-31,127.25,128.34,124.43,125.92,266527.0
2017-10-30,131.3,131.68,127.05,127.26,144493.0
2017-10-27,134.94,135.85,130.5,132.0,341044.0
2017-10-26,134.68,135.025,133.5,134.65,173770.0
2017-10-25,134.8,135.86,132.14,134.16,252256.0
2017-10-24,135.13,136.0,131.83,134.1,441428.0
2017-10-23,126.08,136.1,126.08,135.46,470869.0
2017-10-20,124.0,125.0,123.57,125.0,294210.0
2017-10-19,123.61,124.31,122.29,123.91,115431.0
2017-10-18,126.42,127.84,123.96,124.61,294298.0
2017-10-17,127.13,127.45,125.04,125.87,237520.0
2017-10-16,126.35,127.84,124.93,127.09,278262.0
2017-10-13,124.0,126.94,122.66,126.8,390294.0
2017-10-12,123.38,124.47,121.65,123.99,207644.0
2017-10-11,123.99,126.3176,122.53,123.23,243682.0
2017-10-10,121.0,123.62,120.88,123.62,108188.0
2017-10-09,122.83,123.448,120.46,120.68,183057.0
2017-10-06,122.0,123.91,121.6,122.28,163053.0
2017-10-05,123.45,123.83,122.4,122.7,369712.0
2017-10-04,123.14,124.5797,122.58,123.08,350147.0
2017-10-03,120.49,122.88,119.939,122.51,370128.0
2017-10-02,116.87,120.66,116.42,119.79,278427.0
2017-09-29,113.69,117.71,112.85,117.35,228333.0
2017-09-28,109.97,113.31,109.97,112.77,226845.0
2017-09-27,111.74,112.3,108.97,109.72,241863.0
2017-09-26,110.89,111.78,109.74,111.3,101648.0
2017-09-25,113.96,113.96,108.81,111.0,323504.0
2017-09-22,107.88,114.335,107.4692,113.96,353991.0
2017-09-21,105.88,108.34,105.02,108.0,166064.0
2017-09-20,105.36,105.995,104.95,105.68,192847.0
2017-09-19,103.93,105.61,103.41,105.15,154997.0
2017-09-18,103.62,105.015,103.345,104.19,303077.0
2017-09-15,102.73,104.405,101.47,103.94,208853.0
2017-09-14,103.18,104.295,102.14,103.44,205521.0
2017-09-13,102.33,104.251,101.99,103.67,138537.0
2017-09-12,102.58,104.13,100.1601,101.82,179873.0
2017-09-11,103.76,105.7399,102.0,102.42,177793.0
2017-09-08,105.05,105.28,101.25,103.85,207920.0
2017-09-07,106.2,107.085,105.13,105.98,73045.0
2017-09-06,107.8,107.8,105.42,106.07,166611.0
2017-09-05,106.83,108.79,106.83,107.47,114169.0
2017-09-01,104.3,108.9899,104.01,106.42,174542.0
2017-08-31,104.68,106.0,102.91,103.81,279362.0
2017-08-30,105.55,105.55,102.41,104.02,307734.0
2017-08-29,107.18,107.306,104.33,105.69,192953.0
2017-08-28,106.72,108.15,104.4,107.82,175381.0
2017-08-25,104.9,108.09,104.59,105.86,351864.0
2017-08-24,101.63,106.73,101.21,104.49,314674.0
2017-08-23,98.31,102.9,98.31,101.9,207930.0
2017-08-22,96.86,99.28,95.04,98.73,117215.0
2017-08-21,97.59,97.59,96.06,96.6,159859.0
2017-08-18,94.6,97.99,94.52,97.51,82591.0
2017-08-17,94.93,96.22,93.915,94.72,83257.0
2017-08-16,96.58,96.99,94.52,95.05,115227.0
2017-08-15,96.98,97.085,93.13,96.1,218469.0
2017-08-14,89.25,96.87,88.5,96.61,408300.0
2017-08-11,83.81,86.065,83.46,85.34,161180.0
2017-08-10,82.68,86.375,82.68,84.21,157957.0
2017-08-09,87.11,87.6,84.61,84.65,104355.0
2017-08-08,87.52,88.255,87.16,87.4,103935.0
2017-08-07,88.14,88.48,87.27,87.51,73260.0
2017-08-04,88.27,88.31,87.0453,87.95,86228.0
2017-08-03,87.31,88.44,87.15,88.13,123907.0
2017-08-02,87.69,88.27,86.5022,87.69,68793.0
2017-08-01,88.27,88.31,87.0453,87.95,86228.0
2017-07-31,88.24,88.69,86.15,86.81,233930.0
2017-07-28,88.07,88.59,87.22,88.07,80824.0
2017-07-27,89.07,89.4,87.6575,88.06,62751.0
2017-07-26,88.88,89.2,87.6188,88.94,113197.0
2017-07-25,88.58,89.73,87.15,88.68,99118.0
2017-07-24,88.0,88.62,87.02,88.01,106083.0
2017-07-21,86.33,88.31,86.33,87.78,161856.0
2017-07-20,87.84,88.715,85.935,86.5,295014.0
2017-07-19,86.39,88.0,84.01,87.47,299117.0
2017-07-18,90.01,90.01,85.87,86.0,308134.0
2017-07-17,90.33,90.99,89.49,90.0,316187.0
2017-07-14,90.21,90.92,88.52,90.07,160589.0
2017-07-13,90.0,91.4,89.57,90.2,208688.0
2017-07-12,89.49,90.13,88.19,90.0,354594.0
2017-07-11,89.97,89.97,87.31,88.88,113252.0
2017-07-10,90.34,90.89,89.52,89.85,72731.0
2017-07-07,90.38,91.22,89.212,90.15,80658.0
2017-07-06,91.34,92.94,89.47,90.19,163153.0
2017-07-05,93.0,93.0,90.51,91.63,244925.0
2017-07-03,92.46,94.0,92.295,93.17,118831.0
2017-06-30,90.31,92.5,89.912,92.19,264824.0
2017-06-29,89.69,90.36,88.64,90.02,264660.0
2017-06-28,88.09,89.845,87.94,89.5,143636.0
2017-06-27,88.12,88.92,86.705,88.02,157741.0
2017-06-26,89.19,89.799,87.25,88.59,212807.0
2017-06-23,88.28,88.83,87.0,88.21,146787.0
2017-06-22,87.08,88.96,86.0,88.46,323135.0
2017-06-21,84.511,88.49,83.0,86.73,1780695.0
2017-06-20,87.98,90.37,86.73,89.98,538946.0
2017-06-19,87.0,89.47,86.5,87.79,493927.0
2017-06-16,86.55,87.46,85.75,86.8,318827.0
2017-06-15,86.85,87.17,85.275,86.52,527115.0
2017-06-14,87.59,88.5,86.0,87.29,934247.0
2017-06-13,91.91,92.0,87.75,88.05,1214338.0
2017-06-12,91.35,93.5,90.57,91.22,311762.0
2017-06-09,92.27,92.5,90.51,91.6,161615.0
2017-06-08,92.65,94.99,90.58,92.41,197919.0
2017-06-07,96.66,97.2,93.39,93.47,258661.0
2017-06-06,96.49,97.04,94.57,96.04,154312.0
2017-06-05,91.46,97.86,90.05,96.57,346672.0
2017-06-02,88.19,92.085,88.16,91.59,274451.0
2017-06-01,89.37,89.87,87.33,89.15,121839.0
2017-05-31,89.1,90.15,88.22,89.47,140359.0
2017-05-30,89.52,90.0,87.08,89.09,106030.0
2017-05-26,88.23,90.0,87.7,89.2,81285.0
2017-05-25,87.31,88.41,86.73,88.09,25556.0
2017-05-24,85.7,87.77,84.84,86.84,59033.0
2017-05-23,85.7,87.06,85.21,85.77,56542.0
2017-05-22,87.24,87.36,84.61,85.31,52784.0
2017-05-19,83.95,87.85,83.655,86.28,201609.0
2017-05-18,87.22,87.22,83.23,83.9,212517.0
2017-05-17,88.56,89.185,86.605,88.0,45190.0
2017-05-16,88.64,90.3899,88.64,89.71,113595.0
2017-05-15,87.0,89.42,86.01,88.46,72372.0
2017-05-12,91.03,91.03,86.05,86.91,92274.0
2017-05-11,87.3,91.04,85.645,90.5,79410.0
2017-05-10,87.4,89.12,87.09,88.08,52670.0
2017-05-09,88.53,88.9,87.0,87.72,73879.0
2017-05-08,88.0,89.315,86.705,88.64,56202.0
2017-05-05,87.7,88.5,86.82,87.66,48065.0
2017-05-04,88.64,90.4,86.36,87.44,68980.0
2017-05-03,89.21,89.25,87.75,88.59,59171.0
2017-05-02,87.6,89.725,87.6,89.28,115792.0
2017-05-01,86.28,88.88,86.045,88.0,108268.0
2017-04-28,84.55,86.98,84.13,85.72,65053.0
2017-04-27,84.905,85.1,84.0,85.0,78273.0
2017-04-26,85.98,87.7,84.9,85.43,123979.0
2017-04-25,86.8,87.01,84.9,86.2,94172.0
2017-04-24,86.1,86.99,84.19,85.81,79839.0
2017-04-21,85.28,86.4,84.5,84.84,105419.0
